0.0909714028 0.0671477616 -0.0103360061 0.0914379805 0.1094249710 0.0789763778 0.0905111507 -0.0897612497 0.0749298260 -0.0731809065 -0.1373211145 -0.1281298101 0.0667448342 -0.0460975356 0.0426307172 0.0197784621 -0.1403058767 -0.0994388461 0.0607895218 -0.1181468889 -0.0488295369 -0.0579649173 -0.0119407400 0.0686907843 0.0517175831 0.0238148924 -0.0157630295 0.0011722451 -0.0005158227 0.0151880002 -0.0588257089 0.1275704503 0.1371341050 0.0725731552 0.0140336426 0.0253523532 0.0755704939 -0.0098420614 0.0568708666 0.0328805894 -0.0639829710 -0.0198094063 0.0475958288 -0.0560295805 -0.0184830930 -0.0709240213 -0.0963120908 0.0317555927 0.1256922781 -0.0000922076 -0.0798367336 0.0548477806 -0.1075408384 0.0256691482 -0.0998572409 0.0268958844 -0.1377187371 0.1249402314 -0.1271191388 -0.0407027155 -0.1041405499 0.0652319640 0.0124686882 0.0771118924 0.1378057897 0.1096629351 0.0740643889 -0.0999757648 0.0868913755 0.0881637633 0.1186024547 -0.0771989971 -0.0003535819 -0.0228625499 -0.1077403128 0.0068101939 0.0861564726 -0.0206454284 -0.0669472143 0.1001952961 -0.0263882615 0.0516634583 -0.0430698954 0.0375854000 -0.0892657265 -0.0768575221 0.0404707864 0.0521511957 -0.1128201485 -0.0513111502 -0.0202737283 -0.0507885888 -0.0213533603 0.1097185314 0.0346217975 0.1234136000 -0.0326179489 -0.1038572416 0.1432948261 -0.0539494678 -0.0576708056 0.0960329548 -0.0814828277 0.1151976809 0.1103838533 0.1125622243 0.0041339938 0.0284698326 -0.0623041689 0.1024125218 -0.0606570840 0.0042840466 -0.0746731237 0.0903751850 -0.0860416740 -0.1007081643 -0.1002396494 0.0397145450 0.0483928546 -0.0675006732 -0.0467253514 -0.0906591862 0.0597280413 -0.0267509166 -0.0646494552 -0.0284070689 0.1250434816 0.0088331895 0.1137845516 0.0467762724 -0.1180154160 -0.0056951661 0.0774837658 0.0931916460 -0.0026011600 -0.0294568725 0.0008460610 -0.0680820942 -0.0743253604 0.1437179446 0.0764855668 0.0682022572 -0.1096209884 -0.0282276887 0.0879702419 -0.0381964780 0.0173598956 -0.0032804906 0.0837122351 0.0210969653 0.1340861470 -0.0233046617 0.0433980711 -0.0155779701 -0.0560760647 -0.1398295760 0.0360827222 -0.0500394851 -0.0589274243 -0.0182868578 -0.0871841908 -0.0309472159 -0.0589757971 0.0301484708 -0.0972792879 -0.0723138899 0.0960880816 0.1352912039 0.0999590531 -0.0273361169 -0.1299090683 0.0346266292 -0.0943004116 0.0642508939 0.0361157805 0.0828223377 -0.0329890698 -0.0261302944 0.0591663048 0.0537134297 0.0152404755 0.1385350972 0.0837432891 0.0851174146 0.0160934068 -0.0505012758 0.1210476980 -0.0370417014 -0.0585372709 -0.0337502658 -0.1349137425 -0.1077267900 -0.0997725427 0.0965724960 0.0066049341 -0.0435433500 -0.0517251864 0.0250600949 -0.0550477728 0.1301202029 0.1545698792 -0.1128261089 -0.0746418014 0.1079480350 0.0110085951 -0.0459732227 0.0131135844 0.0118441936 -0.0392732024 -0.1105769426 -0.0924916267 -0.0679109171 -0.1013386473 0.0814148486 -0.0492240749 -0.1022864282 -0.0945903510 0.0226716865 0.0316133723 0.1287177056 0.1212157235 0.0492094047 -0.1227676645 -0.0460234843 -0.0255303811 0.0307578370 0.1057837680 0.1300214529 -0.1297132820 0.0888390243 -0.0507004000 -0.0339699462 0.0173702408 0.0669302940 0.0800651982 0.0888098478 -0.1150029153 -0.0952128544 -0.1018708348 0.1279571056 0.0056441193 -0.1010575518 0.0889752731 -0.0338806249 0.0159359407 0.1284362376 -0.0988136753 0.0623137914 -0.0678881034 0.0810368061 0.0745159984 -0.0199447125 0.0807738379 0.0927534327 -0.0642739087 0.0318608284
0.1081287265 0.0445775166 -0.0474746004 0.0357388481 -0.0104790637 0.1184971556 -0.1134365797 0.0088366717 0.0851025283 -0.0984730721 0.0177430063 -0.1285467297 0.0673452392 0.0219240934 -0.0406802744 0.1017796844 -0.0919648334 -0.0455016531 -0.0654335544 -0.0796441361 0.0673498958 -0.0647838041 -0.0345163606 0.0389126204 -0.0926252827 -0.0752831772 0.0655388981 0.0726412982 0.0136091355 0.1062101498 0.1086171269 -0.0291366801 0.1155864969 0.1140094176 0.1093273535 0.0435225703 0.0672452301 0.0588454492 0.0073941583 -0.0690215528 0.0772832707 0.0982253328 -0.0102288360 -0.1018784270 -0.0521433055 -0.1278583109 -0.1072501242 0.0323615447 0.0617657825 -0.0138751194 0.0081454022 0.1347046047 0.0423022099 0.0114480592 -0.0786421522 -0.0339425318 0.0543970913 -0.1110348776 0.0052908924 0.0041441484 0.0740042627 0.1329364032 -0.1414633840 -0.0220634043 0.0521220863 0.0634469837 -0.1329166889 -0.0386542901 -0.0248173904 0.0249232631 -0.0722943693 0.0141661158 0.1424680352 -0.0886377171 -0.0669275597 0.0392140076 -0.0681722164 0.0089904815 0.1288551837 0.0573595166 -0.0616796426 -0.1052694172 0.0626796186 0.1119237468 0.0197303984 -0.0636367276 -0.0717639700 0.1062726080 0.0195041206 -0.1067076921 0.1000616476 -0.0827902779 -0.0624170117 -0.0787665322 -0.0987533331 -0.0047436501 0.0323660597 0.0829157904 0.0448963121 0.0707592815 -0.0928151682 0.0791550875 -0.1131133586 -0.1152169928 0.0192215294 -0.1114834175 -0.0111389505 0.0100874109 -0.0003320650 -0.0431971997 0.0773381889 -0.0123046292 0.0642849132 -0.0108322995 0.0197216701 -0.0421591140 0.0879505128 0.0149638131 -0.1290683597 0.1198100895 -0.0592089817 -0.0164517760 0.0117757283 0.0626409724 -0.0267123953 0.0931533203 -0.1356175095 0.0595657900 0.0826635361 0.0653687045 0.1268969923 -0.0385249630 -0.0910790265 -0.1346438080 -0.1015728489 -0.1124944016 -0.0924748778 0.0698049515 -0.1029721797 0.1098481342 0.0531666167 -0.0371687002 -0.1460286975 -0.0221363418 0.1121042222 -0.1190588027 -0.0622334927 0.0171618592 0.0885387436 0.0415656157 0.0950016901 -0.0896949172 -0.0342889465 0.1296796799 -0.0622046441 -0.0235710368 0.0010869865 -0.0357402600 0.0023788125 -0.0752361566 -0.0608323105 0.0502373539 -0.0219771937 0.0638563782 0.1039888412 0.0677290782 0.0708867237 0.0804069191 0.0516712852 0.0815871581 -0.0140437856 -0.0165665168 -0.0009984594 0.0146358218 0.0112119345 0.1101335064 -0.0156916939 0.0868049264 0.0872529000 -0.0635590181 -0.0539387837 -0.0111861406 0.0751574785 -0.0253364332 0.0810787454 -0.0166295879 -0.0060888776 -0.0732593462 -0.0900739357 -0.1052854732 0.0000811347 0.0729554445 0.0076145572 -0.0686491281 0.0648893937 -0.0425191745 -0.0030756458 -0.0498007983 -0.1214347407 -0.0886709094 0.0691775233 -0.0985406637 -0.0528407134 -0.1118469089 0.0724523813 -0.0373974182 -0.0236207582 -0.0984709412 0.0021300579 -0.0565947928 0.0958599299 0.0066141570 -0.0766092837 0.0460144244 0.1243301332 0.1300590187 0.0300769620 0.0523467250 -0.0036621550 0.0019630790 0.0482316837 0.0948395655 -0.0524630100 -0.0278075971 -0.1294736266 0.1016101241 0.0402319692 -0.0261632577 0.0181030147 -0.0360068828 0.0154133691 -0.0215737578 -0.0525709093 0.1101452261 0.0208217837 -0.0222357865 -0.1168594062 -0.1025322750 -0.0378614105 -0.1170078442 -0.1315768957 -0.0208828989 0.0037214877 0.1221812293 0.0474114530 -0.0234098341 0.0790148824 0.0590212792 -0.0262036603 0.0126782842 -0.0506332889 0.0503581315 -0.0380810350 -0.0300049167 -0.0302952658 0.1137537584
-0.0988986492 -0.1328861266 0.0644134954 -0.0086911879 0.0424524806 -0.1165975705 0.0529105365 -0.0540071763 -0.0928088129 0.0681509301 -0.0188782271 -0.0906949416 -0.1048801020 -0.0474164858 -0.0719235763 0.0105294809 0.0126766851 -0.0649165213 -0.0515293069 -0.0731704608 -0.0993898213 -0.1200734228 -0.0077074412 0.0253864788 -0.1166267022 0.0741349906 0.0117346626 -0.0869183093 0.0597269833 0.0325233974 0.0812354088 0.0803838074 0.0017955730 0.1001867875 0.0682845265 0.0389925018 0.1135485470 -0.1297982186 0.0100604985 -0.0605636463 -0.1038960665 0.1134841517 -0.0516337566 0.0079974728 0.0624910332 0.0238580406 -0.0374163650 0.0010109962 -0.0382417701 0.0588383190 0.0465839431 0.0547376573 -0.0748546049 -0.0220356714 0.0096533820 -0.0748159513 -0.0392088220 0.1081114039 0.0695667192 -0.1155675799 -0.0413424522 0.1407309622 -0.0292615499 -0.0369624458 -0.0638064146 -0.0682186261 -0.0887346789 0.0124518899 -0.1122513711 -0.1186556816 0.1240016222 -0.1113034785 -0.0759841055 -0.0336346999 0.0269866567 -0.0081310142 0.0691013113 -0.0834064633 0.0366595238 0.0131422598 -0.0079576941 -0.1483914554 0.0145033803 -0.0597521067 0.0962658226 0.0039696265 -0.0825933591 -0.0982132182 -0.0790525079 0.1154607013 0.0852694586 0.1006532833 -0.0078792023 0.0886153355 0.1103418842 0.0506016985 -0.1509384513 0.1125825197 0.1247754768 0.1137277037 0.0403315462 0.0437700711 0.1370788366 0.1320294589 -0.1327147782 -0.0142586222 0.0073940996 0.0410470515 -0.0368462615 0.0527097248 -0.1122384518 0.0168472622 0.0885308608 0.0951737389 0.0111956894 0.1024186537 -0.0175704304 0.0341783054 -0.0631425157 0.0381363854 -0.1545384079 -0.1105581522 -0.1408262700 0.0921470076 0.0894585773 0.0480473712 -0.0496126451 0.1068174317 0.0736308694 -0.0161497910 -0.0821286142 -0.1000215113 0.0097327959 -0.0439119786 -0.0300572757 0.1373727322 0.0195736364 0.1388866752 -0.0122070890 0.0742369816 0.0690454692 -0.1087610275 0.0755828097 -0.0826879591 0.1193098947 0.0244423859 -0.0084165046 -0.0036239240 -0.0495993458 -0.0938661098 0.0374123491 -0.1498889029 0.0445980430 -0.1533953547 0.0719541609 -0.1108374223 0.0751655921 -0.1019727215 -0.0508686975 -0.1177582741 0.0883049369 -0.0685314238 -0.0644501969 -0.1195512787 0.0389482081 -0.1217637360 -0.0980675668 0.0346109085 0.0349053070 0.1167003661 -0.1207369342 0.0562389009 0.0074572461 -0.1230373532 0.0140047697 0.0930541307 0.1209103838 0.0633669421 -0.0947312862 0.0417098738 0.0018283215 0.0953310356 -0.0896067619 0.0500821657 -0.0448211469 -0.0250193421 0.1056908295 0.0706801265 0.0131404884 -0.0675068498 0.1093530282 0.0472446568 -0.0756289288 -0.0264453702 -0.0202887002 -0.0664997473 0.0360581204 -0.0227998495 0.0246800482 0.0456212275 0.0589855947 -0.0153480247 -0.0358523540 0.1214722395 -0.0994892046 -0.0443467647 0.1008654684 0.0099300640 -0.0512516610 0.0474394932 -0.0917849168 0.0724589229 0.1028068736 -0.0077921306 -0.0261446554 0.0572283231 0.0614680536 -0.0551203080 0.1247551516 0.0881896615 -0.0360914394 -0.0549582914 0.0127124311 0.0332539231 0.0123352949 -0.0790746883 -0.0356996357 -0.0105305715 -0.0955999121 0.0565606691 0.0386941470 -0.0239896961 0.0541588850 -0.0548215285 -0.0689247027 0.1175468341 0.0886337757 0.0363517739 -0.0538024604 0.0718622357 -0.1182964593 0.1387675852 0.0289329570 0.0802329034 0.0209037717 0.0132026523 -0.0009755004 0.1082762778 0.0967873782 -0.0646712035 -0.0715668425 -0.0455870926 -0.1009640247 0.0663306564 -0.0733619779 -0.0453716256
-0.1150878891 0.0155136380 -0.0203610118 -0.0823070481 -0.0292399153 -0.0002378741 0.0998074412 -0.1206996590 0.1102960706 0.0454563536 -0.0020096388 0.1266061664 -0.0901331678 -0.1060638353 -0.0751490146 0.1144920215 -0.0343048796 -0.0950609073 -0.0164738540 0.0877938420 0.1082546860 -0.0981984735 -0.0341438465 0.0435451828 -0.0519444272 0.0969991088 0.1010149717 -0.0795284286 -0.0354737490 -0.1064789370 -0.0523868762 -0.0894817710 -0.0982834771 -0.0370068252 -0.1087163463 -0.1305104643 -0.0769962743 -0.0804959163 -0.0622436516 0.0617596619 0.1205067784 0.1444491297 0.0064028348 -0.0638680682 -0.0261242893 0.0521290675 -0.0574433617 0.0739089176 -0.0386785455 -0.0518651977 0.0738069266 -0.1273397207 -0.1217330694 0.1116098240 -0.0223606881 -0.1268794388 -0.0781474560 0.1097764447 0.0280092470 -0.0995799527 -0.0298786797 -0.0841611549 -0.0450788252 0.0328263715 0.0458949804 0.0569345653 -0.0175285395 -0.0867460743 0.0660789385 -0.0805505961 0.0763518214 -0.0982573926 -0.1053651869 -0.1225032881 -0.0722036287 -0.0761472061 -0.0756999254 0.0037719798 0.1194909960 0.0837996975 -0.1241811812 -0.0500016138 0.0600923300 0.0456171259 -0.0905645415 0.0003769427 -0.1367191076 0.0756367072 0.0646844432 0.0076336567 0.0941067412 -0.0476109907 0.0288524497 -0.0654271469 -0.0901571736 0.0594714619 -0.1286103278 -0.0379807428 -0.0786371753 -0.0779684484 -0.0778768510 0.0838021562 0.0606548451 0.0797306001 -0.1067656055 -0.0162709076 0.0694724992 -0.0510157123 0.0826311707 0.0307059232 -0.0906951800 -0.0518889725 -0.0197772812 0.0940306783 0.0488670915 0.0531439818 -0.1096827462 -0.0182035770 -0.0122969840 -0.0501650125 -0.0856152400 -0.0193600021 0.0856242776 -0.0930247307 -0.0846684054 -0.1123608574 -0.0311629903 -0.0241743494 -0.1136383116 -0.1445413083 -0.1340968609 0.0472277030 -0.0256046001 0.1245201603 -0.0156104704 -0.0284249298 -0.0942589417 0.0337896906 0.0295942295 0.0602371953 -0.0541616082 0.0988815725 -0.0830302313 -0.1089178026 -0.0253510699 0.0665982217 0.1438076943 -0.0730726421 -0.0928395614 0.0570975207 -0.0046665249 -0.0404408686 -0.0868990496 -0.0437558554 0.0873258337 0.0985676646 0.0599540211 0.1632330865 -0.0155108627 0.0903653800 -0.0342903510 0.0313631371 -0.0497004166 -0.1030522510 0.0264066327 0.0019600892 0.0413641259 0.0651485324 0.0312903337 -0.1165229902 0.1056282967 -0.1015739515 -0.1171439216 0.0689785406 0.0091131479 0.0385943875 0.0420890749 0.1142495200 -0.0018203241 0.0635667741 0.0141500710 -0.0543434396 0.1519914567 0.0139518389 -0.0888409615 -0.0161417555 -0.0614912100 0.0692215264 -0.1212423667 -0.0332406610 0.0036516655 0.1346014738 0.0394938067 0.0480527841 0.0157628022 -0.0579529069 -0.1226086840 0.0861619636 0.1512251794 0.0143624917 -0.1263817549 -0.1079954728 0.0220234562 0.0715724453 -0.0724164397 0.0746947974 0.0604610071 -0.0542059802 -0.0724717826 -0.0305503551 0.0595098585 0.0548164397 -0.1353417039 0.0753997713 -0.0034902918 0.1546092927 0.1198110282 -0.0789743811 0.0615604967 0.0566541515 -0.0343007892 -0.1345533729 0.1313177198 0.0397637375 0.0276697986 -0.1165379509 0.0274755694 -0.0708275959 0.0006552965 0.0189524349 0.0702454671 0.0919430181 0.0122943912 0.0750537217 -0.1081638560 -0.0577656068 0.0446297079 -0.0184444543 0.0019134205 0.0543596260 -0.1081823036 -0.0514433198 -0.0275054071 0.0229487997 -0.1176597029 0.0069913706 0.0396116562 0.0957832485 0.1229614243 -0.1142804027 0.0477771983 0.0019145997 -0.0330543071 0.0992709771 -0.1410073787 -0.0574013293
0.0838249251 -0.1429409087 0.1383906454 -0.0214334540 0.0525850579 -0.0153334001 0.0070719495 -0.1005092114 -0.0201295838 0.0176723283 -0.0304089040 -0.0262675714 -0.0727160275 -0.0412212759 -0.0057356511 0.0407315828 -0.0914622322 -0.0026478702 -0.0363454372 0.0767192766 0.0020040611 -0.1181995869 -0.0160668585 -0.1167190745 -0.0164391361 -0.0876998380 0.0866832882 -0.0195831526 -0.0394658297 -0.0900181010 0.1098222211 -0.0805292353 0.0763762519 -0.0495411195 0.0981446877 -0.0186940357 0.0790152997 -0.0040797042 0.0237444844 0.1108003557 -0.0812466219 0.0671555474 0.0161891878 0.0870816633 0.0083952406 0.0428374186 -0.0680540130 0.0562672056 -0.0405089222 -0.0232508201 -0.0395792350 -0.0043783905 -0.1159583405 -0.0152815003 -0.0110438801 0.1057228148 0.0855675563 -0.0030999410 0.0933994427 -0.1161996871 0.0755137801 -0.0881686732 -0.0772880763 0.0185856279 0.0599655584 -0.0770233572 0.0498997346 0.0583191514 0.0481875092 0.0458327383 -0.0361923352 0.1134030446 -0.0343176425 0.0250820555 0.0245377086 0.0917631462 -0.0668600872 -0.1089277044 -0.0873086452 -0.0571471080 -0.0869260728 -0.0510079153 0.0008897912 -0.0349733494 0.0016657840 -0.0416193083 -0.0978020132 -0.0101273712 -0.1174002662 0.0618693642 -0.1232521161 -0.0126301907 -0.0448363014 0.0643042848 -0.1418690234 -0.1108384430 -0.0939132795 -0.1267360598 -0.0295607019 0.1227093115 0.0818975940 -0.0342266783 -0.0242327936 -0.0409429073 0.0973689258 -0.0563161373 -0.0619779900 0.0814566389 -0.1176223978 0.0074012806 -0.0303421598 -0.0529576838 0.0991967991 -0.0358851478 0.1534337848 -0.0672812983 0.0292526744 0.0996285304 0.0919353589 -0.0151136816 -0.0734650940 -0.0020520256 0.0288199764 0.0481184609 -0.0290679634 0.0616551153 0.0551339872 -0.0425226986 0.0779520944 -0.0517316163 -0.0950754434 0.0552130640 0.0830879584 -0.0234769173 0.0851559937 0.0427682921 0.1226925328 -0.0752546042 -0.0252743345 -0.0466830060 -0.0368613787 0.1024309993 -0.0299145095 -0.0700473934 -0.0032287173 -0.0278062280 -0.0318889059 0.1507974118 -0.0597709455 0.0442180634 -0.0798593760 0.0529339500 0.0381313227 -0.0667009056 0.1170131043 0.0482291840 0.0936105549 0.0643680245 0.0274396017 0.0405897833 0.0210623052 -0.0334546529 0.1056515425 0.0296990499 0.0983421057 0.0132188629 -0.0682079270 -0.0530450232 0.1530588865 -0.0086290818 0.0748464912 -0.1497594863 -0.0064888755 -0.0471227653 -0.0677123666 -0.0663766265 0.0393426679 0.0681009293 -0.1095236689 -0.0146294925 0.1288867593 -0.0670869574 -0.0754535869 -0.0955158845 -0.0320280902 0.0790987536 0.0267294496 -0.0868340954 -0.0952358693 0.0713005438 -0.0440484807 -0.0957123116 0.1082121283 0.0727717429 0.0855656043 0.0690105334 0.0420151949 0.0963718817 -0.0289245117 -0.1328354031 -0.0159418024 0.1366936564 0.0047309948 0.0755010098 -0.0631069764 0.0044906870 -0.0792282224 -0.1165726036 -0.1308005005 -0.0326979868 -0.0590961911 0.0861064643 0.1049749106 -0.0811574161 -0.1077680811 0.0738274530 0.0470564179 0.0281504206 -0.0240833387 -0.0375955924 0.1424408406 -0.0809617415 0.0797066689 0.0850931332 -0.0719818026 -0.0534256734 -0.0260019023 -0.1440426260 0.0255773142 -0.0640481785 -0.0199113376 0.1265437752 -0.0669043064 -0.0748394728 0.1330447048 0.0303147994 -0.0970285013 0.1211697683 0.0228656344 0.0532427654 -0.0172027815 0.0043667178 0.1197694391 -0.1130511835 -0.0758264437 0.1340036094 -0.0570916645 0.1174951345 0.0406604931 -0.0566241965 0.0127400719 0.0426969938 0.0124349594 -0.0727475807 0.1452739984 -0.0769108161
-0.0086672409 0.0915630460 -0.0896407813 -0.1397480965 -0.0191068519 0.0421242118 0.0676894858 -0.0659471676 0.0569430701 -0.0732815117 -0.1311214864 0.0805629045 -0.1054961085 -0.0302546732 0.0659695417 0.0074253096 -0.0283760019 -0.0725008175 -0.1278365850 0.0150475800 -0.0895520598 -0.0508969240 -0.0365437865 0.0819174051 -0.0118446387 0.0284766722 -0.0246756654 -0.0900936797 -0.0500491932 -0.0623024106 -0.0006755383 0.0451507904 0.0388839319 -0.0046433811 0.0605458617 0.0047008237 0.0533065349 -0.1202115342 -0.0571526513 0.0346644148 -0.1522698253 -0.1025472879 -0.0577742159 -0.1091979593 -0.0308678076 -0.0288201310 -0.0899293572 0.0634878129 -0.0123652425 0.0287806187 0.0535504930 -0.0980386138 -0.0937072337 0.0504415073 0.0965138376 0.0525243096 0.0411946699 0.0608037114 -0.0589679517 0.0219366476 -0.0349183641 0.0093626333 0.0359624438 0.0281833671 0.0480252318 0.0702688172 -0.0769629031 -0.0719764754 0.0878393650 0.0264758654 -0.0228328556 -0.1281037331 -0.0296025239 -0.0644615963 0.0517023727 -0.1242259219 -0.0721283332 -0.0697259605 -0.0907718688 -0.1008816287 -0.0073367353 -0.0462616123 -0.0110741984 -0.1442269981 -0.1455145329 0.0521043725 -0.0614610650 0.0304547697 -0.1286077350 0.0923809707 0.0031515085 0.0257083718 -0.0952373818 -0.0824078992 0.0634585619 0.0836914703 0.1123267189 -0.0563226119 -0.0981936008 -0.1141335070 0.0756223500 0.1237108186 -0.1130861193 -0.0797443539 -0.0186390337 -0.1153199822 -0.0019216088 -0.1031335667 -0.0516263023 -0.0795799792 0.0148210498 0.0621176213 0.0637450293 0.0794655979 -0.0825133473 0.1186811253 -0.0576732308 0.0854029730 -0.0496251471 0.1181637645 0.0558051094 -0.1182928458 -0.0700423792 -0.0217931122 -0.0039868830 -0.0727933422 -0.0116818510 -0.0989827141 0.0883232802 -0.0844375417 -0.0648240745 0.0332508646 0.0732103214 0.1300093085 0.0895486549 -0.1465865225 0.0699175969 -0.0289869625 -0.0425242633 0.0432374254 0.1487108767 0.0454059355 -0.0367647000 0.0924606472 0.0441377982 -0.0275847223 0.1074916795 -0.0495290048 -0.0797320008 -0.0564725921 -0.0377114192 -0.0103551475 0.0585513972 -0.1256759614 0.0634324849 -0.0920629203 0.0087544369 0.0300257057 -0.1000825241 0.0426050685 -0.0615377128 -0.1163306832 0.0719109327 0.0105113266 0.1314631104 0.1131948233 -0.0164508931 0.1199328303 -0.1403071582 0.0377090648 -0.1067540348 -0.1057377383 0.0581962876 0.1012442037 0.1214171872 -0.1429321915 -0.0154825477 0.0642947033 -0.0483112186 0.1536448598 -0.0336076394 -0.0802008808 -0.0295561012 0.0484179817 0.0717378557 0.0685962662 0.1077445224 0.0990472585 0.0446925573 0.0385895707 0.0350580961 0.0002122277 -0.0279497635 0.1003585011 -0.1142874062 0.0552470982 -0.0969028622 0.0469154753 0.0822375342 -0.0722083524 -0.0390807167 0.0215506591 0.1197888479 -0.0063297804 -0.0639051050 -0.0055547166 -0.0129437624 0.0615569018 -0.1227905303 -0.0071637845 0.0833231956 0.0465097167 -0.0252524242 -0.0801106319 0.0999631733 0.0928117558 0.0866129026 0.1038803607 0.0141639300 -0.1149090752 -0.0066472585 0.0236078091 0.0231181122 -0.0269456934 -0.1239003092 -0.0241922215 -0.1099296436 0.0959032327 -0.0864333585 0.0636132434 0.0909929499 0.0657957569 -0.0597695671 -0.1056342348 0.1058745906 0.0276186038 0.0033500136 -0.0760823488 -0.0374852009 -0.1028320864 0.0026073051 0.0029392694 -0.0426301323 0.1006348059 -0.1144851893 0.0147733605 0.1232055426 -0.0821302831 -0.1201539412 -0.0203319453 -0.0851245895 0.0597010143 0.0979753584 0.0744133294 0.0545338728 0.0564973019
0.0013197248 -0.1530919373 -0.0156256184 0.1185612157 -0.0552540086 0.0212445669 0.0502591729 0.0417920947 -0.1211669371 0.0829834118 -0.0115326345 -0.1089840606 0.0837420449 0.0146052418 -0.1415580213 -0.0876329020 -0.0903946981 -0.0147170536 -0.0007842112 0.1225980595 -0.0877782702 0.0669483766 -0.0419690423 -0.0060888031 0.0205366649 -0.1206655130 -0.0637689531 -0.0551801920 0.0649682432 -0.0635950640 -0.0353213884 -0.0977065936 -0.0972165167 -0.0006440387 0.0981874466 -0.1089874208 -0.1075058132 0.0875699744 0.0752462670 0.0597206913 -0.1080491319 -0.0246408880 0.1303748488 0.0865687430 0.0297574289 -0.0716651604 0.0243121479 -0.1299514174 -0.0273268074 -0.0987993404 0.1139693037 0.0254112799 -0.0618131869 0.0459036529 -0.1076706573 -0.0298552848 0.1035949364 -0.0877975672 0.0858565271 0.0479208864 -0.1158970520 0.0851075351 -0.0059881364 0.1156302616 -0.0720589086 0.1106563658 0.0907059610 0.1231908128 -0.0999219418 -0.0259790011 0.0007572972 -0.0003077047 -0.0267083533 -0.1003930569 -0.1293347031 0.0344935209 0.0160174966 -0.0282636173 -0.1268713176 0.0289946515 -0.0635796934 -0.0316725187 -0.0025324605 0.0221339446 0.0513252728 0.0986488834 0.0181120820 -0.1218156666 0.0353218801 -0.0982198939 -0.0875654742 0.0149187967 0.1124610603 -0.1209981143 0.0443327762 0.0129054328 -0.0660425350 -0.0841175616 0.0489743575 -0.1287310421 -0.1458686292 0.0607664771 0.0078149373 0.0939838216 0.1148584709 -0.0949868113 0.1406774223 -0.0461648107 -0.0575720593 -0.1246055961 0.0018244586 0.1165695488 0.1085822508 -0.0873998329 0.0629450902 0.0978140607 0.1222599149 0.1202111468 -0.0580851808 -0.1219305322 -0.0995935276 0.1392786801 -0.0904425234 -0.0777282342 -0.1528715342 0.1581772417 0.0726331547 -0.0629926473 -0.0252792798 0.1116244048 -0.1041474044 0.0548449121 0.1169262230 -0.0803987384 -0.0322596729 0.1251555830 0.1054088995 -0.1119582877 -0.0557150207 0.0335629396 0.0863838121 0.1330525726 -0.0569689050 0.1311763525 0.0017120062 -0.1158130541 0.0995229483 -0.0724602193 0.0018048692 0.0649391189 0.0058718091 0.0739927888 -0.1128145754 0.0582141839 -0.0559041128 0.1002684385 -0.0705463737 0.0773093104 -0.0704683363 -0.0607649721 0.0102613419 -0.1147359312 -0.0499558523 0.0180396978 0.1000564992 0.0922461972 0.0597276837 -0.0892961845 -0.0761027709 -0.0963969976 0.0823100656 0.1139919609 0.0645082071 0.1431795210 0.1019024476 -0.0142930374 -0.1348997504 -0.0576262474 0.0911356807 0.1319013089 -0.0010166593 -0.0391786098 0.0911211967 0.0484421141 -0.1355774403 0.1224371716 0.0585826822 0.1115889549 -0.0255725458 -0.0766949207 -0.0242980104 0.0834832340 0.1470082849 -0.1109718829 0.1107620224 -0.0144063979 -0.0517038032 0.1200528890 -0.0255687814 -0.0839793906 -0.1341746598 0.0956747755 -0.0769749433 -0.0861261114 -0.0591715463 0.0175163541 0.0251093861 -0.0052630855 0.0436284244 -0.0579216890 0.1143909320 0.0628489032 -0.0945878848 -0.0845210999 0.0689632595 -0.0257553328 -0.0824257284 0.0888623372 -0.0816721395 0.1197911799 0.0433727354 -0.0582212731 -0.0813303143 0.1191267893 0.0919496715 -0.0599101447 0.1317526847 0.0431821272 0.0742438063 0.0695404857 -0.0625023171 0.0651164502 -0.0636851117 -0.0328858197 0.0753053278 0.1165601090 -0.0949678645 -0.1207653210 0.1343462765 0.1182096228 -0.0292593334 -0.0400519967 -0.0786455646 -0.1238082722 -0.0680321977 0.0035412689 -0.0837449804 -0.0463415347 -0.0246581528 -0.0800095126 0.0883005485 -0.0003485528 0.0053644511 -0.1223841831 -0.0567300431 0.0049740225
0.0083776396 -0.0989340544 0.0972840339 0.1008606851 -0.0113248006 -0.0882516280 -0.0652581751 0.0276062712 0.0288545862 0.0851991326 -0.1110725850 0.1059676409 -0.0429922901 0.0378139354 -0.0709432811 0.0095355771 -0.0362579376 0.0665294081 -0.0637407601 -0.0452674702 -0.0673749000 -0.0327087380 0.0457658283 0.0592699312 0.1026499644 0.1161906943 -0.0294651594 0.0307496954 0.0884140581 0.0019567357 -0.0252323784 0.0296515152 0.0691328794 0.1205254868 -0.0083243838 0.0815845430 0.0348149426 -0.0497906581 -0.0524584875 -0.0997740552 -0.0131904492 -0.0381294563 -0.0737207457 -0.0611564443 -0.0878155753 0.1199840978 0.0938034654 -0.0002827850 -0.1483961046 0.0427845679 0.1004208922 0.0147899250 -0.0543393828 0.0752617940 0.0467744470 0.0243265405 0.0361178778 0.1557251066 -0.0022527559 0.0474440753 -0.0403604694 -0.0369216837 -0.0397923961 -0.0893683434 0.0898669884 0.0880032256 0.1175923869 0.0933137611 0.0568298548 0.0229441263 0.0398119502 0.0928353518 0.0850955024 -0.1048159078 -0.1251415312 0.0168968998 0.1457188129 0.0246938877 -0.0971479863 0.1082516536 0.0412478335 0.0251257345 0.0853087381 -0.0283794757 -0.0724701136 -0.0593958348 -0.0772396773 -0.0520524122 -0.0620411038 0.0280403402 0.0885978565 0.0127227530 0.1105064377 -0.0330306925 -0.0922716260 -0.1194337979 0.1114299372 0.1206128299 -0.0484471135 -0.0805832148 0.0170302056 0.0072074076 0.0721786171 0.0219105557 0.0455409251 -0.0115803732 -0.1085226014 -0.0753231570 0.1447490454 -0.1234634146 0.1239267960 -0.0937087983 -0.0367881618 -0.0807672590 0.0224418268 0.0919036642 0.0591245443 0.0222289748 0.0155435316 -0.0079651820 -0.1159910932 -0.1129712984 0.0420651995 0.0604194477 -0.1280269474 0.1026265919 0.1175757498 -0.0357732140 0.0713493973 -0.0514419973 -0.1415984929 0.1213030666 -0.0338700302 -0.0139403334 0.0979130417 -0.1000069827 0.1382384747 0.0199316889 0.0780298933 -0.0301285665 0.0930237174 -0.0312611498 -0.1181695089 0.0649903119 0.0084580109 0.1284734160 -0.0422142334 0.0678494647 0.1276410073 -0.1068466380 0.0065066782 0.0680308491 -0.0596639477 0.1146157756 -0.0147403637 -0.1181393564 0.0037735156 0.0965116620 0.1259575486 -0.0707036927 -0.0567873456 0.0795530677 0.0885844752 0.0424445234 -0.1189776659 -0.0705730170 -0.0572030582 -0.0548496172 0.0973541141 0.0143506983 -0.0931900963 0.1135735586 -0.0290287416 0.0344222784 -0.0243106652 0.1114189252 0.0994569883 -0.0297800228 -0.0950203463 -0.0439010523 0.0481616370 -0.0429706573 0.0175915640 0.0400378220 -0.1285396367 -0.1118522808 -0.0810195655 -0.0590462834 -0.0350411050 0.0887696445 0.0675056949 0.1087826416 0.0837878585 -0.0483851284 0.0407463275 -0.0177111216 -0.0503335446 0.0434395261 -0.1325230747 -0.0337208919 0.0719628111 0.0426708050 0.1435028315 0.0777249336 0.0386424661 -0.0148932273 -0.0939961523 0.0037273658 -0.0519387424 0.1153104082 0.1467334777 -0.0420471355 -0.1078407094 0.1028455570 -0.0160562042 0.0330098011 -0.0424250364 0.1039366946 0.0322632380 0.0429896936 -0.0958267823 0.0418860130 -0.0891993791 -0.1497759223 -0.0639213249 0.0000229070 0.0826348960 -0.1443258524 0.0263550356 0.0326961391 -0.0571083687 -0.0770922229 0.0824752748 -0.0629336610 -0.0291011091 0.1095888093 0.0509930216 -0.0337594450 0.0272360779 -0.0700370744 0.0178452302 -0.0134982103 -0.1543754190 0.0908736214 -0.0151346922 0.0217752829 -0.0362313651 0.0312975831 -0.0297246799 0.0021699884 -0.1096167266 -0.0362703428 -0.1218104213 -0.1227238029 0.0764902160 -0.1185606048
-0.0304255337 0.0108765690 -0.1248374209 0.0426095687 0.0997310877 -0.0975922123 0.0228973944 -0.0561222285 -0.0395920984 0.0361668393 0.0878772810 -0.0292983968 0.0761709809 -0.1079367176 0.0343789980 0.0997344255 -0.0701898932 0.0840585530 0.0877540261 -0.0420668460 0.0129153403 -0.0256014187 -0.0273449123 0.0288574230 0.0263439473 -0.0266074613 -0.0877019018 0.1163382232 0.0052391584 0.0019528404 -0.0034450588 -0.1166096106 -0.1391836554 -0.0862707421 -0.0574953742 -0.0714249238 -0.0281603560 0.1014320254 -0.0663871542 0.0863393620 0.0489858724 -0.1073617265 -0.0625257418 0.1182380244 0.0201281477 0.1274011135 -0.0061554587 -0.1374843717 0.1130459532 0.0101723438 0.0087491199 0.0423848331 0.0536457896 -0.0565246642 0.0615581460 -0.1251511425 -0.1045799106 0.0237492099 0.0102160387 0.0044382871 0.1043976620 -0.0635917187 0.1240499914 -0.1219061464 0.1072614491 0.0965335071 0.0995831713 0.0123915011 0.1045962200 0.0121970112 0.0884592757 -0.0484335870 -0.1103435233 0.1337100118 0.1034502834 0.0493526943 0.0378493890 0.0911480039 0.0927437320 -0.0004454903 -0.0594553649 -0.0242174603 -0.0255369358 -0.0236441288 -0.0274536181 -0.1191287711 -0.1134702340 0.0721987560 0.1220141649 0.0825214535 -0.0782942548 0.0684245527 -0.1181067377 0.1016898453 0.0668701530 -0.1397383362 0.0360598825 0.1172636226 -0.0462278165 0.1103418916 -0.0729503930 -0.0148253450 0.0586693846 0.0276790820 0.0082317526 -0.0398443900 -0.0044724355 -0.1205226555 -0.0748391524 -0.0478972495 0.0176061951 0.0725489706 -0.0324588753 -0.0206494220 0.0835762843 0.1038324162 0.0406920053 0.1288893819 -0.0372968093 0.0380937830 -0.0365170874 0.0415365137 -0.1172322631 -0.0821825638 -0.0000233869 0.0519622937 0.0911364555 -0.0786917657 0.1605471224 -0.0933752507 -0.1091942936 0.0423291400 -0.1064962074 0.1274052411 0.0751088038 -0.0783093646 -0.0199184678 -0.0976414606 -0.0568270311 0.0502825789 0.1001734734 0.0969728902 0.1157970876 0.0340166874 -0.0865915641 0.0783849210 0.1229001358 -0.1333926469 -0.0309744850 0.0174027048 0.0517187044 -0.0964571238 0.1429929584 0.0544713102 -0.1264840961 -0.1014676839 -0.0389012285 -0.0022818188 0.0059632338 -0.0750310048 -0.1321509182 0.0681404546 -0.1334244460 -0.1071614921 0.0670699701 -0.0580079295 0.0313105211 -0.1200274080 -0.0781427845 -0.1175637543 -0.0427001342 0.0828610808 -0.1233439371 0.0233859699 0.1253022701 0.0398845486 -0.1162298098 0.1082672179 0.1106871292 0.1274518520 -0.0952742323 0.1127269715 0.1234205291 0.1256034523 -0.1114866436 -0.1314272881 -0.1111198217 -0.0171336886 0.0169976000 0.0870160609 0.0907124355 0.1011991426 0.0889651626 0.0529995263 0.0389289297 0.0019420153 0.1035796776 0.0546296798 -0.1031790450 -0.0520373136 0.1189567745 0.0453114994 0.0614445694 0.0066764420 -0.1341540664 0.0743800774 -0.1228216067 0.1331776232 -0.0374823697 0.0122022750 0.0785031021 0.0236809608 0.0083444361 0.0814323351 -0.1485984623 -0.0967817232 -0.0258926582 -0.0208790358 0.0891619623 0.0080333613 -0.0588908717 0.1241348609 0.1075634509 -0.0841962546 -0.0387594625 0.0595034733 -0.0479912385 -0.0453477427 -0.0374761559 -0.0042156684 0.0130416406 0.0026500106 0.0606144629 -0.1042346954 0.0915893614 0.0439772643 -0.0366288349 -0.1131004393 -0.0307820886 -0.0918601602 0.1067207605 -0.0580680557 0.0229193158 -0.0510518625 0.1239070594 -0.0775254294 -0.0132255685 0.0010969335 -0.0607412159 0.1252166927 0.0473167561 -0.0774604380 -0.0107178651 -0.1080452874 0.0957395583 0.0550579093
-0.0068110684 0.0956603363 -0.0157508813 0.0784262791 -0.0323219746 -0.0318463631 -0.0244611390 0.0397378057 0.0797886550 -0.0523203053 -0.1047075614 -0.0291131008 -0.1255082935 0.1017390564 0.0587808825 0.0526866987 0.1403525025 -0.1305289567 -0.0558981150 -0.1369175166 -0.0670978352 -0.0525744185 -0.0411890410 0.1263770461 0.0115148090 -0.0507320091 0.0830354169 -0.1245347187 0.0320337489 0.1198274866 -0.0332073607 0.0797283351 -0.0395278595 0.0284457486 -0.0205781478 -0.1344169527 -0.1006691679 0.0086954460 0.1253560036 -0.0760944709 -0.1160118803 -0.1345725358 0.0122007700 -0.1267257929 -0.0144745503 0.1290256828 -0.1124194413 0.0225383509 -0.0948525295 0.0241412446 -0.1378692091 -0.0553688779 0.0249867290 0.1109457612 0.1388056129 0.0082081379 0.1218096912 -0.0722571015 -0.0384861380 -0.0494947471 0.0215865169 0.0626704171 -0.0004522566 -0.0895744190 -0.0883217677 0.0528436862 0.1079007983 -0.0604192950 0.1273429692 0.1225161180 -0.0121742068 0.1415741444 -0.0695578083 -0.1090432778 -0.0123135205 0.0111838765 0.0610664934 0.0032826625 0.0220521409 -0.0528578833 0.0768539235 -0.0842021480 0.0183565244 -0.0302060153 0.0608820207 -0.0023098518 -0.0198223107 -0.0294990148 -0.0265948903 -0.1220440045 -0.0767052397 -0.1176887006 -0.0808207095 -0.1024828032 -0.0185215399 -0.0495213307 -0.0378659479 0.0853906572 -0.0753673613 0.1231930479 -0.1018265411 0.1015940905 0.0925301015 -0.0761177093 0.0248731840 0.1349373758 0.1145020053 -0.0339622647 0.0737817362 0.0063275131 0.1058825627 0.1551552862 0.0030838994 -0.1156059429 -0.1289690435 0.0907663405 0.0394862890 0.1263989806 0.0935153365 -0.0087461304 -0.0884268284 -0.0840899274 0.0864781812 -0.1175546199 0.0941953957 0.0454499088 0.0753761455 0.0165120941 0.0038600778 -0.0461424254 0.1285382956 0.0179135595 0.0895603597 -0.0027174486 0.0794986486 0.1189755276 0.1073635295 -0.0210724622 0.0819163248 0.0804170519 0.0262881555 -0.0737347528 0.1058229432 -0.1244841740 0.0892610028 -0.0664967969 -0.0577573404 0.0381401218 -0.0573192425 0.0438910536 -0.1319086552 0.0106943818 -0.0089359656 0.0024263149 -0.0432873182 0.0363607593 -0.0314802229 -0.0066545778 -0.0864097401 0.0660087839 0.0313146748 -0.1331120282 0.0183384065 -0.1273749769 -0.0318882801 -0.0913597271 0.0730172023 0.0047329757 0.0326657295 -0.1206811368 0.0058574001 0.0862185284 0.0760303959 0.0647454932 0.0989871398 0.0458986461 0.0119503215 0.0822423473 -0.0711919889 0.0733093396 0.0763638988 0.0060631316 0.0809639692 0.0354620814 -0.0455178954 0.0548024923 0.0335851125 0.0820183828 0.0752042681 -0.0703182369 -0.0141945668 -0.0058150794 -0.0340606272 0.0264803581 -0.0025666275 0.0614500083 0.0038136067 -0.0723956451 0.0343576372 -0.0168328639 -0.0512129031 0.0686848685 0.0203805137 0.0472566560 0.0285793152 -0.0912252292 0.0228625871 -0.0256364364 0.1223194897 0.0685698763 0.1046230569 0.0163062848 0.1332923025 -0.0260967370 0.0468818694 0.0637272075 0.0489679277 -0.1089658290 0.0069902404 0.0811831206 0.0899548605 -0.0556952581 -0.0340992771 0.0512429923 0.0139687713 -0.1208110601 0.0449904501 0.0665645599 0.0793986768 0.1290360838 0.0589446649 0.1447775513 0.1158198640 -0.0048590996 0.0208721869 0.0061324914 0.0214564819 -0.1017166376 0.0253423862 -0.1074379385 0.0276669804 0.1092225388 -0.0864839107 0.0355788618 0.0472388230 0.0782177970 0.0216723513 0.0728291646 -0.0529131778 0.1179786921 0.0480069630 0.0361584313 -0.0561525822 -0.0677193403 -0.1171522588 -0.0858009309
-0.0795399547 -0.0952653587 -0.1351628602 -0.1078996211 0.1088100150 0.1220834032 0.1103955060 -0.1002023667 0.0153528899 0.0238313079 -0.0335881971 0.0232550297 0.1286440045 -0.0173200220 0.1252374649 0.0996615365 -0.0448393039 -0.0027575942 0.0263981111 0.0068251160 0.0618722253 0.0697601140 -0.0250215344 -0.0296045430 0.0250156447 -0.0373002887 0.1255789399 -0.1405029148 -0.0904218704 -0.0879874304 -0.0150355222 0.0617218204 0.0207288396 -0.0929260552 0.1037054956 -0.0861731917 -0.0260226279 -0.0732887685 0.0167936329 0.0501534902 0.1188817695 0.0085551227 0.0870009214 0.1019446105 0.0790400282 -0.0117753716 -0.0127548240 0.0083422940 -0.1083960533 -0.0150125800 0.0224069543 0.1002605781 -0.0250945874 -0.0114641208 0.0029229017 0.0355307423 -0.0378336459 0.0242963955 -0.0071362094 0.0007925294 -0.0176717825 -0.0643905476 0.1395203620 0.0648434609 0.0026072781 0.0273637809 -0.0393957011 -0.0970903188 0.0488901064 -0.0530530401 -0.1244406849 0.0190917514 0.0318889283 -0.0708925650 0.0734711364 0.0194486938 -0.0166367777 -0.0236274246 -0.0794507638 0.0590460524 -0.0332257226 -0.0084899245 -0.1158216149 -0.0173012223 -0.0648078620 -0.1307427138 0.0903328583 -0.0393874794 0.0572967678 0.0414255001 0.0912652463 0.0714786574 -0.0325811207 -0.0699929073 0.0275816191 0.0984605104 -0.0572938696 0.0776724368 -0.0148503799 -0.0560417250 0.0563331246 -0.0722071379 0.0654161051 -0.0063346131 -0.0031755660 0.0863438398 -0.0063851010 0.0482284799 -0.0122196712 0.1203173026 0.1048955247 -0.0675300360 -0.0429318734 -0.0854288414 -0.1088760272 -0.0607374981 -0.0827349201 -0.1213046908 -0.1390490234 0.1393737942 -0.0441126823 0.1159640923 0.1301624179 -0.1231225654 0.1386711895 -0.0148271713 0.0823219270 0.0239104778 -0.0747976229 -0.0058450336 0.0111642489 -0.0743521824 0.1201973408 -0.1022288054 0.0212432984 -0.0415556654 0.0333380997 -0.0659474880 -0.0661085546 -0.0224901754 -0.0595054589 -0.1194982231 0.0545040220 -0.0352473632 -0.0023941209 0.0271710884 0.0511756167 -0.1273886859 -0.0542441756 -0.0305682607 0.0821334943 -0.0952219218 0.0659995154 -0.0818779096 0.0193350334 -0.0320432968 0.0484951437 -0.0080141062 0.0145845795 -0.0480872244 0.1348237991 0.0330762602 0.0131493332 -0.1328293234 0.0985026732 -0.0891128629 -0.0956138447 -0.0703903362 -0.0068662604 0.0197364651 0.0901866034 0.1515132636 0.0325302556 -0.0332143866 -0.0227239747 -0.0170463789 -0.1068066731 -0.0954813287 -0.0318070501 -0.0129643138 0.0027097808 -0.0402687974 0.0382822491 -0.1153629050 0.0963735133 -0.0144662121 0.1164040789 -0.0591543093 -0.0342927016 -0.0761279091 0.0202030186 0.0407382846 -0.0170546491 -0.1414113641 0.0265996922 -0.0581712052 -0.1045911759 -0.0759114921 -0.1273391098 -0.0389016718 0.0629978701 0.0821642578 0.0820101202 -0.0982638597 0.0999839231 0.1392450035 -0.0761070773 0.1122633517 -0.1161359996 -0.0206432138 0.0223562215 -0.0009021206 0.0861659423 -0.0669651479 0.0722719431 0.1345091760 0.0868161768 -0.0236731339 0.0291043315 -0.1126605272 -0.0823458359 -0.0940337181 0.0793905929 -0.0085493308 -0.0124696214 0.0824151486 -0.0640629306 0.1437736452 -0.0407353863 -0.1237968132 0.0950528085 0.1212381348 0.0001014708 -0.1294643879 0.0349360704 0.0333939008 -0.1337179840 0.0388659351 -0.0426638015 -0.0301925205 0.0788980573 -0.0516207367 -0.0428048521 0.0476538092 0.0915712789 -0.1049524248 -0.0924930349 0.0445917025 0.1226885170 0.0520237088 -0.0031106344 -0.1109271497 0.0225231908 0.0199364703 0.0290370975 0.1359420121
-0.0077356421 0.0132409036 -0.0499684960 0.1195916459 -0.0111268405 -0.0989853740 0.1323015392 0.1146143824 0.1485681236 -0.0880785808 0.0307016168 -0.1156784594 0.0961348563 0.1201612279 -0.1118098646 0.0291552395 -0.0194337405 -0.0738298222 -0.1060233340 0.0444584899 0.0640874952 0.1092037782 -0.0403568149 0.1052580923 0.0410145558 -0.0093634138 0.0570931211 0.0482934080 0.1349971592 0.0362146869 -0.0308439489 -0.0749020427 -0.1237861216 0.0870271698 -0.0639074743 0.0249340609 0.0842860341 -0.0597820841 0.0554709211 0.1167512760 0.0258700978 0.0221401975 0.1004801020 -0.0838063508 -0.0045328466 0.0309646577 0.0658929422 0.1017683074 -0.0483640097 -0.0884851143 -0.0738316998 0.0241933521 0.0230568387 -0.0919434279 -0.0319288187 0.0733023062 0.0442490429 0.0976884887 -0.0244488847 -0.0880041197 -0.1006814763 0.1133276597 -0.0302835703 0.0498775952 -0.0409308895 0.1286575347 -0.1151769161 -0.1040974483 -0.0196893550 -0.0668106154 0.0746362805 0.0689143464 0.0187503248 -0.0185440350 -0.1016744822 -0.0796981379 0.1032760814 -0.0001198272 0.1066442430 0.0915544778 -0.0517654307 0.0833234638 0.0832762420 -0.0636697859 -0.0298672691 -0.0577782542 -0.1085291207 -0.1267319471 0.0688782707 -0.0469191857 0.0509285256 -0.0042967382 0.0394565389 -0.1123745814 0.0054500569 0.0485262387 0.0016263867 0.0745550022 -0.0024084211 -0.0367752016 -0.0407805517 -0.0244399812 -0.0517407954 0.0522183180 0.0470881835 -0.0498592369 -0.0731241107 0.0678742751 0.0896816328 -0.1378420293 0.1270817071 0.0309615433 -0.0206998568 -0.1352545470 0.0551375262 0.0926904529 -0.1345794499 -0.1010809615 0.0053990074 0.0000557908 0.1216022894 -0.1176417619 -0.0023937584 -0.0221448969 0.0114099504 -0.0036682331 0.0167127866 -0.0803596526 -0.0575213917 0.1128769070 -0.0280093700 0.0265402682 -0.0254388172 -0.0464633107 -0.0974150524 -0.0584118664 -0.1102257296 0.1173685417 0.0725656822 -0.0079197921 -0.0189933758 -0.0933074951 0.0617140941 0.1293679774 -0.0214934126 0.0894484594 -0.0834732950 -0.1042182893 0.0772099644 0.0698481277 0.0553953275 0.1277731061 -0.0065060505 0.1461167485 0.1152034625 -0.0299515165 0.0291526131 0.1503209919 0.0824268088 -0.0591953099 0.1062184796 -0.0326083861 -0.1156927869 -0.0836521909 0.0809472278 0.0678755194 0.0381716415 0.1363204867 0.0266177449 0.0947828144 -0.0746772066 -0.0424661599 0.1325311810 0.1164368317 -0.1215630323 0.1072813720 -0.0720656142 -0.0294121318 -0.0632938743 0.0098454272 -0.0925242156 -0.0033495137 0.0718124881 -0.0126877353 0.1059648097 0.1294046044 0.0241546109 0.1313290447 0.0522327423 -0.0241259076 0.0304859690 0.0348812863 -0.0027943507 0.0555955842 -0.0327782743 0.0002272783 0.0109147215 -0.1135829985 -0.0107371313 -0.0960927531 0.0032227524 -0.0568551496 -0.0424723923 -0.0659567714 0.0337389037 -0.0669715479 0.0866042972 0.1244645491 0.1259009838 -0.0077282349 0.1130458936 -0.0969699323 0.0736910552 0.1477934569 0.0421834625 -0.0884581432 0.1183690801 0.0137287062 0.0096225180 -0.1045333594 -0.1156389192 0.0021474243 0.0949320421 -0.0403960794 0.1031022742 0.0325554721 -0.0059884917 -0.0840365812 -0.0680202916 0.0588582791 -0.0099104960 0.1182982028 0.0266529508 -0.0240851250 -0.1311216056 0.0369241200 0.1155874357 -0.1069938540 0.0306575615 0.1171507761 -0.0949343443 -0.0645982847 -0.0213235859 0.0544837415 -0.0232072957 0.1020653546 -0.0368398577 0.0459296480 -0.0491067097 -0.1387829632 -0.1098211408 0.1362249702 0.0258758180 0.0432760753 -0.0478367470 0.1481732577
0.0191894956 -0.0865791440 -0.0965526029 0.0813311562 -0.0532454364 -0.1039957851 -0.1082725897 -0.0972000360 -0.1439254433 -0.0600466281 0.1044857800 -0.0069513093 0.1286098063 0.0184718855 -0.0113992142 -0.0073634284 0.0518997759 -0.0432707034 -0.1380975544 -0.1575587690 -0.0418503210 -0.1266546249 0.0782996044 -0.1084697545 -0.0333645418 -0.0374835692 -0.0410668850 0.0155631090 -0.1215670779 -0.0941875502 -0.1291218251 -0.1047740206 0.0285425875 -0.0413312763 -0.0486344621 0.1081701741 -0.0005750455 -0.0478229895 -0.0026660901 0.1096959114 -0.1230768859 0.0775878951 0.0612967387 0.0882161781 -0.0157379489 0.1089151725 -0.0130774397 -0.1071098000 0.0850609913 0.1327126175 0.0221094117 -0.1198251247 0.0706304461 -0.0625762045 -0.0044131023 0.0622102283 -0.0925387964 0.0395502821 0.0595493764 0.0477564260 0.0220067762 -0.0408357456 0.1046629697 -0.0814945996 0.0085334480 -0.1188813522 -0.1162021086 -0.0038267130 -0.0144695798 0.0526841730 -0.0194510948 -0.1127095744 0.0096970592 -0.1305231303 0.0070293541 0.0985610485 -0.0714640170 -0.1220875084 0.0555889904 0.0063956017 -0.0144282440 -0.0882970318 0.0259958990 0.0832187235 -0.0940665454 0.0398378782 0.0739340484 -0.0147522977 -0.1177740395 -0.0091869906 0.1163882315 0.1287260503 -0.0847455114 0.0768116266 -0.1331494451 0.0991462395 0.1287118495 -0.0009975572 0.1110732630 -0.0372984335 0.1008456647 -0.0475103259 -0.0450054184 0.0835891068 0.1336903274 -0.0782570988 0.0541772209 0.1274880618 -0.0742056817 0.0592708513 -0.0715979263 0.0714418069 0.0051954547 0.0362423621 0.1303898543 0.0408669040 0.1286563724 0.0655605569 0.0709514096 0.0911337882 0.0551448390 -0.0209391154 -0.0413550213 -0.0648537427 -0.0924007595 -0.0448492207 0.0724715367 0.0455435216 -0.0478684045 0.0379203074 0.0372367464 0.0311527066 -0.0547388121 0.1209866628 0.0724183545 0.0860473588 0.1104011536 0.0470271185 -0.0314253829 -0.0425007083 -0.0258972868 0.1275406629 0.0089209871 -0.0959606320 0.0249561258 -0.0726528093 -0.0488843620 -0.1242925450 0.1044778079 0.0667627826 -0.0773400441 0.0709760115 0.1197454110 0.0537932292 0.0977030098 -0.1449911445 -0.1039323360 -0.0259848833 0.1135589480 -0.1299674213 0.0509250537 -0.0687437057 0.0818586722 -0.1248006076 0.0563547909 -0.0383800119 -0.0644279197 -0.0124921268 0.0118092606 -0.0807867870 0.1082240045 -0.0660577565 0.0076461658 0.0105893156 0.0176683720 -0.1043206081 -0.0033386303 0.0835198611 0.1032568663 0.0983268842 0.0719140470 0.0518269576 -0.1494785100 0.0001012720 0.1088489592 -0.1197245196 0.0889537483 0.1059867889 -0.1202997118 -0.0841416195 0.0548341423 -0.0249123741 -0.0887371153 -0.0879857615 -0.0893643051 0.1335196197 0.0728570297 -0.1026431769 0.1326870471 -0.0572739579 0.0324846655 0.1264879704 -0.0643708631 -0.0142139876 -0.1288854033 -0.0364623331 -0.0559642650 -0.0459958501 -0.0493175574 0.1283725500 0.1139190868 -0.0871066451 0.0061565149 -0.0545691960 0.1143660471 -0.1281935275 0.0086319251 -0.0999829397 -0.0832340121 -0.1404378861 0.0013801455 0.0975367725 0.1189173162 0.1056693867 0.0116169518 0.0282032769 -0.0316643491 0.0254225265 0.1123215407 -0.0127421105 0.0893499479 0.0420014448 -0.0352081545 0.0010305933 -0.1018742174 -0.0313278623 -0.0245328210 -0.0096345404 -0.1345966160 0.1000790298 0.0632718727 0.0912005231 0.1200741231 -0.0358366333 0.1388753802 -0.0844588354 0.0048444406 0.1233943254 -0.0137031041 -0.1285865158 -0.1051660553 0.0687913001 0.1152199432 -0.0033735803 0.0201555025 -0.0676462576
-0.0015247276 -0.1053353101 -0.1044169664 0.0194179937 0.1085410193 0.0674453601 -0.0206988323 0.0913473889 -0.0747248456 -0.0823067799 0.0540481061 0.0049164924 0.1003801003 -0.0549487658 0.0743754804 0.0433227196 0.0006954726 0.0709857270 0.1066664979 -0.1143310517 -0.0782766566 0.0725443140 0.0065835686 0.0313886963 0.0021181873 -0.0766552389 0.0987074226 -0.1263747215 0.0267409552 0.0680488199 -0.0039843190 0.0324839540 0.1337312460 0.0705563203 -0.0536436439 -0.0497951508 0.0887493417 -0.0482122339 -0.0269034021 -0.0494815521 -0.0882245228 0.1123690903 -0.1512078047 -0.0257411040 0.0243770145 0.0439401232 -0.0732941851 -0.0482124463 0.0565493703 0.0469504744 0.0138582075 0.0962516665 -0.0998930261 0.0641591623 -0.1324483901 0.1223062277 0.0562174767 -0.0596419685 0.0997230858 0.1217872798 -0.1062205583 0.1046611071 -0.0500450656 0.0992526487 0.1359922290 -0.0808713734 0.0962392390 -0.1261436939 0.0032785670 -0.0913573280 0.0131591214 -0.0684756190 0.0200260058 0.1199615151 0.0879712775 0.1018318161 0.1067999899 -0.1253785342 -0.0253619514 -0.0481717661 0.0703012049 0.0169174671 -0.0665934160 -0.0958753601 -0.0192203037 -0.0148165412 -0.0745932907 -0.0444818288 -0.0269636326 0.1231292486 -0.0548764244 0.0363467410 0.0777928010 0.0202971864 -0.1000998095 0.0430853516 -0.0319655426 -0.0355036445 0.0309157539 0.0750122964 0.0193463024 -0.0686661825 -0.1392589658 0.0223591197 0.1105915159 0.0675996244 0.0588483028 -0.1302900910 -0.0959587246 -0.0344615988 -0.1350344270 -0.0082282266 -0.0683485270 -0.0789260417 -0.0122842900 -0.0711478740 -0.1047474965 0.1275585592 0.0725033879 0.0607191287 -0.0884176195 -0.0011538159 -0.0261841305 -0.0239080824 -0.0731881261 0.0823987946 -0.1241397038 0.0956261307 0.0980231091 0.0673558861 0.0372025780 0.0442185141 -0.0738581866 0.0663882419 0.1029898077 -0.0974165648 -0.0031002415 -0.0734011754 -0.1545041800 0.0957149044 -0.0657964423 -0.0226274841 -0.1180482581 0.0419493429 0.0695935860 0.0702988952 -0.0437653735 -0.0497938246 -0.0471710414 0.1247135103 0.0537399612 -0.0885882229 -0.0755818710 -0.0902831107 -0.1103223264 0.1339372545 -0.0353664123 0.0693925396 -0.1116071418 0.0546648577 -0.0735649094 0.0052570668 0.0481079817 -0.0326049365 -0.0249816403 0.0511890352 0.0540308952 0.0006679260 -0.0177394748 0.1282553375 0.0024716298 0.1335788518 -0.0513458736 -0.0818774328 -0.1590737998 -0.0546345338 0.1194336936 -0.1273953170 0.1182242334 0.1275117546 0.0801359937 0.0807695389 0.0828129053 -0.1118443012 0.1095152944 0.0537935607 0.0540856272 -0.0361439176 -0.1106028408 -0.0702500418 -0.0765091032 0.0533206426 -0.0460468866 -0.0449982360 0.0879365802 -0.0002972268 0.0837643817 -0.0120702470 -0.0434840359 -0.0377894081 0.0144908708 -0.1103439182 0.0854417235 0.0295546316 -0.0074257301 0.0615153238 -0.0391695164 0.0445536040 -0.1025591195 -0.1283177584 -0.0287932213 0.0206962042 -0.0970173627 0.0311878622 0.0887659937 -0.0843448117 -0.0195163190 0.0515412651 -0.1079362556 -0.1174276918 -0.0394531339 -0.0152389817 0.0178418029 -0.0098201884 0.0790318251 0.1242083609 0.0822385401 -0.0249748658 -0.1328559220 0.0902179331 0.0109877950 0.0028272094 0.1389965713 -0.0463820249 -0.0362925641 0.0917098820 -0.0516800098 0.0896185338 0.1262014508 0.0151896831 -0.1137901694 0.0859404206 0.0723142549 0.0137396343 -0.0844210088 0.1027375162 0.1217567325 0.0296175759 -0.0287570562 0.0151611175 0.1095705032 -0.0781104267 -0.0461653695 0.1396893114 0.1041083634 -0.0635012239
-0.1099257916 -0.0579154268 0.0148314601 0.0111432001 0.0559336394 0.0587342158 0.1115342453 0.1180182919 -0.0131875435 -0.0226359740 0.0265057106 0.0226023830 0.0047492678 0.0359109119 -0.0812468976 -0.0078555625 0.0804989338 0.1313702017 -0.0523440950 -0.1181371659 -0.1159220263 -0.0981293768 0.0513294749 -0.0176145919 0.0035272276 0.0755201206 -0.0196490176 -0.0382930078 -0.0988574922 0.1267602891 0.0193685982 0.1036456749 -0.0056342944 0.0853785723 0.0925624967 -0.0887194648 0.0586782284 -0.0195206199 -0.0661219507 0.0952442288 -0.0964196846 0.1176229492 -0.1131586805 -0.1064264625 -0.0178641919 0.0246607922 -0.0311659332 -0.0215846952 -0.1441251636 -0.1254414469 0.0416636765 -0.1336410493 -0.0892408043 0.1224125251 0.0701574087 0.0844824091 0.0688234642 0.0813925564 0.1132653132 0.0410671197 0.0897266716 0.0013477742 -0.1454697251 0.1150354594 -0.0834120810 0.0999084339 -0.0760421902 0.0931333452 0.1098866835 -0.0381483585 0.0427826159 0.0307104420 -0.1237710714 0.1118024439 -0.0792288780 0.0023792724 -0.0814933106 -0.0660031214 -0.1018615067 0.0455718860 0.1053601578 0.0711749345 -0.0313167796 0.1437695920 -0.1243732646 0.0388786308 0.0416301563 -0.0599655546 -0.1039102226 -0.1460679621 0.0119096031 0.0641325638 -0.1305013150 -0.1188504994 0.0923264697 -0.0635637194 0.0162629951 -0.0688374937 0.0117161740 0.0073209330 -0.1099610925 -0.0738207474 0.0591788664 0.0196361542 0.1184339225 0.0376287550 0.1195894778 -0.1145252287 0.0287044626 -0.1220495850 -0.0991666317 0.1083450541 -0.1174042672 -0.0192322135 -0.0116110630 -0.0776606202 0.1042998284 -0.1355453134 0.0311924387 -0.0228517987 0.1089336425 -0.1157229468 0.0125230188 -0.1085014790 -0.0808271766 -0.0978074744 -0.0013306378 -0.0194598120 0.1352018565 0.0184059050 -0.0798670575 0.0395806096 0.0130700953 -0.0150450449 -0.0345660932 -0.0891217440 0.0189688969 0.1035134569 -0.0697082281 -0.1114992201 0.1382997036 0.0683949441 0.0222279169 -0.0241644718 0.0606936924 -0.0049230498 0.0212047957 0.0952781513 -0.0267926492 0.0282336548 0.0849130005 0.0052952268 0.0813540593 -0.1443637013 0.0524322838 0.1230613440 0.0790732279 0.0206005666 0.0157052167 0.1063517928 0.0922649428 -0.0413958356 0.0262166094 -0.0552039780 -0.0748364404 0.0429415740 0.1147288382 -0.0968705788 -0.0274864100 -0.0204023942 -0.0742345080 -0.0902441442 -0.1174859330 -0.0527967401 -0.1050755680 -0.0296764523 0.0582913309 -0.0648286417 0.1243688837 0.0243657473 -0.0094203111 0.0345522054 0.1361399889 -0.0619771108 0.0110189132 -0.1039539129 -0.0289054476 -0.0485427678 0.0151517177 0.0731428117 -0.0267468449 -0.0418059044 -0.0673527792 0.1326292455 0.1225745380 -0.0065275976 0.0260720495 -0.0782565027 0.0783942938 0.0094182594 -0.1140115112 -0.0647460669 -0.1139229238 -0.0109449523 -0.0711715147 0.1298027188 0.0035969168 0.1077386886 -0.0888400674 -0.0955305099 -0.0844367966 -0.0264587030 0.0181905348 -0.0458004288 0.0606730022 0.0622460544 0.0261084102 -0.1004013196 -0.0540962666 -0.0982410237 -0.0984453112 -0.0173860323 0.0433300845 0.0022493114 0.0692736506 -0.0206903722 0.0929281786 -0.0332526527 0.0361588337 -0.0595123805 -0.1217075363 -0.0937112644 -0.0098155672 0.0919065028 -0.0614292026 -0.0914556384 -0.0983999446 -0.0187238026 -0.1305969507 -0.0745372549 0.0395554192 -0.0841479674 0.0358653404 0.0965732038 0.0040568993 0.0442303307 0.0678653046 -0.0220329426 -0.0997003242 0.0269082692 0.1323632002 0.0920553356 0.0581734441 0.0514398180 0.0587422997 0.0896502063
-0.0972627699 -0.0689664036 0.0667844713 -0.0981376246 0.0107592186 -0.0169463139 0.0327789970 0.0921082869 -0.0315014534 0.0270860009 0.0017452312 -0.0572097003 0.0484447628 -0.0189264379 0.0025677567 -0.0719642043 0.1411281973 -0.0153496535 -0.0040783938 -0.1306483150 0.1085864902 -0.0428259820 -0.0415997878 0.0476633273 0.0714385360 0.0722215325 -0.1380151659 0.0965366289 -0.0923344493 0.1347516626 0.0808631182 -0.0108526973 -0.1475278437 0.1117403284 -0.1275786757 -0.1225142851 -0.0930128992 -0.1002753451 0.0112673575 -0.0405584648 -0.0779436678 -0.0780291855 0.0533393212 -0.0060018599 -0.1354489475 0.1458716244 -0.0355983526 -0.0807683766 0.0008213833 0.0374078341 0.0219818000 -0.0959235951 0.0034463613 0.1394263953 0.0121517843 0.0867507160 0.1369457990 -0.1122152954 0.0226222966 0.1084636748 0.0615338460 -0.1264388561 -0.0740566775 -0.0971052051 -0.1015219986 0.0522601493 0.1495283991 0.0920962617 -0.0421905257 -0.1129120588 0.0501686186 -0.0628611445 -0.0858815834 -0.0982984900 -0.1193259805 -0.0863867775 0.0872004107 -0.0518865287 0.0959894061 -0.0261203125 0.1396248192 -0.0081671020 -0.1438616961 -0.1079529077 0.0488636866 0.0891780108 -0.0330214687 0.0179713294 -0.0249805581 0.1197732314 -0.0016052142 0.0137223052 -0.1121454909 -0.0664180145 -0.0146912616 0.1038594171 -0.0286412798 -0.0007363565 0.1197150350 -0.0011084330 -0.0514342934 0.0101241535 -0.0971954241 0.1585569680 0.0719817355 -0.0551196337 -0.0329901166 -0.0674314275 0.0142691182 0.0272714868 -0.0187259894 -0.0176250208 0.1507084072 -0.1382421106 0.0051213214 0.0782397836 0.0448769405 -0.0610226355 0.0838261917 -0.0377781913 0.0210591946 0.0721268728 0.0717253163 0.0163019150 0.0127695892 0.1059911922 0.0274897236 0.0857331008 0.0500473604 -0.0794411674 -0.0426211283 0.0522844680 -0.0724646822 -0.1294133663 -0.0968835726 -0.1260537952 -0.1117160246 -0.0494921282 -0.0324906595 -0.0000292566 0.1558275521 -0.0919429213 0.0734487399 -0.0098805930 0.1187772751 0.0706725344 0.1102449670 -0.0901073068 -0.0727747679 0.1646267325 0.0197308194 0.0896780267 -0.0464178585 -0.1182038486 -0.0410179272 0.0202329531 -0.1046881601 -0.1291254610 -0.0160494223 -0.0327684283 0.0780890360 -0.0089480067 0.0262628291 -0.0847646147 0.0471100248 -0.0535072684 0.0487303175 0.1080387831 0.1452879757 -0.0563079454 0.0190144721 0.1036820039 -0.0201892462 0.0209457073 -0.1187442988 0.0218637399 -0.1529120058 0.1224810854 -0.0949878022 -0.0667220950 -0.1037451923 0.0000122766 0.0242270418 -0.0785118192 0.1114729792 0.0178898145 -0.0855374858 -0.0196938962 0.1306167692 0.0136296386 0.0364994816 -0.0508992895 -0.1003975347 -0.0586748011 0.1406770796 -0.0326366760 0.1374302059 0.0281109959 0.1017803624 -0.1104349792 0.0065761963 -0.0834947899 0.1210340038 -0.0509563088 -0.0500856005 -0.1509867907 0.0560282581 -0.0536610112 -0.1155650243 -0.0719574243 0.0595892631 -0.0120063527 0.0684875697 -0.0654639155 -0.0748703629 -0.1039214432 -0.1040600613 -0.0171032641 0.0798046216 -0.0838072821 0.1001720652 -0.0901900083 -0.1081230566 0.0419139154 0.1053090096 0.1590405256 -0.0294857956 -0.0266631730 0.1284795552 -0.1411882937 -0.0431518815 0.1405713707 0.0368732475 0.0336495191 0.0878706053 -0.0626029745 0.0443488210 -0.1143532842 -0.0958203077 0.0817615390 0.0436760001 -0.0905383825 0.0255303718 0.0538517572 0.0817400068 -0.0966375768 -0.0552638993 0.0290920194 0.0141941523 -0.1363178939 -0.1222054884 -0.0232533403 0.0891439021 0.0970023125 0.0689953044 -0.0498463474
-0.0860182866 0.0420574434 -0.1361296773 -0.0711107180 -0.1225502938 -0.0297494438 0.0518129133 0.0071719657 0.1246033236 0.0142707508 0.0536497757 0.0469370484 0.1216461807 -0.0896331668 0.0140818795 -0.0875855386 0.0144390976 0.1273059100 0.0425513498 -0.1153298989 0.0693767965 0.0578258298 -0.0708903670 -0.0750803500 -0.0778371841 0.0618891791 0.0033592724 -0.0286415219 -0.1000620946 0.0552925058 0.0089173410 0.1216649935 -0.0120259719 -0.1124997586 -0.0953034684 -0.1265418530 0.1171994954 0.0454725213 -0.0344685130 0.0529707558 -0.1294797808 -0.0053055417 0.0603047907 0.1235627532 -0.0569589436 -0.0407164618 0.0297586024 -0.0186227337 0.0523738936 0.0961426422 0.0380626470 0.0079206610 0.0813825727 0.1327161938 0.0970899165 0.0950983390 -0.0931465253 0.0556876548 0.0745544806 -0.1024942249 -0.0292442348 0.1269034445 0.0370298550 -0.0449467413 -0.0146129532 -0.0157984253 -0.1191132516 -0.0593023971 0.0413488932 0.0776028186 0.0057303081 -0.0714098364 -0.0126299178 -0.1336727142 -0.1348111629 0.0845966637 -0.0348143615 0.0360983685 0.0302517414 0.1132457033 0.0731825605 -0.0170415528 0.0099505577 -0.0725832731 -0.0834165886 0.0287888553 -0.1255703717 -0.0673311278 -0.0080363285 0.0612828247 -0.0995130464 0.0133005586 0.0048933458 -0.0527514257 -0.0714525431 0.1209626719 0.0544897281 -0.1326674521 -0.1123391166 0.0851489827 0.0005790226 -0.0253291614 0.0075819558 -0.1142830178 -0.1059305519 -0.0561711490 0.1175555512 0.1321405172 -0.1223160848 -0.1163645834 -0.1202492043 0.0375581309 0.0568405427 -0.0565423071 0.0514683649 0.0577437803 0.1384189874 -0.0618136004 0.1297123283 -0.0462115034 0.0641855896 0.0219473969 0.0782603472 0.0344803110 0.1116246730 -0.0750905648 -0.0985039920 -0.0807019323 0.0922208801 -0.0545768477 0.0030549339 -0.1215296686 -0.0243617035 -0.0646521822 0.0631410554 -0.1025665924 0.1088254154 -0.1205324084 -0.1254882067 0.0581927747 0.0490012206 -0.0092522809 -0.1055406928 0.1256031394 0.0376867466 0.0823266059 -0.0503734425 -0.0427533016 -0.0238899309 0.0815377459 -0.0892535076 0.0619999915 -0.0648955479 -0.0389795788 -0.1325182021 0.0669361427 0.1165076718 -0.1165462658 0.0045479336 0.1197411940 -0.0114826709 0.0595021024 -0.0156128360 0.0670003146 0.0723321736 0.0974821523 0.0298559871 -0.0247699544 0.0727867931 -0.0542854108 0.0306950342 0.0345370471 -0.0256484728 -0.0283726938 0.0670256168 0.0674664378 -0.0594279580 -0.0668565929 0.0767870769 -0.0590223335 0.0761665404 0.1143244579 -0.0280298628 0.1074016690 -0.1047777981 0.1020082682 -0.1287696064 -0.1219823807 -0.1081580594 -0.0717357770 0.0109710526 -0.1155156195 -0.0283507556 0.1331653148 0.0856025666 -0.1362466365 0.1016356274 -0.1339765340 0.0967670679 -0.0647088364 -0.0982476622 -0.0701448470 0.0381645672 -0.1062126085 0.0571115948 -0.0402584188 -0.0910279751 0.1197069064 0.1142579466 -0.0331361108 0.0328591652 -0.0293960683 -0.0283975508 0.0610848814 0.0132808359 0.1238018200 0.1249667555 0.1263414174 0.0546393804 0.0083202999 -0.0039433665 0.0222604424 -0.0597485714 -0.1107358187 0.0129933059 -0.0153566292 0.1236200184 -0.0912243277 0.1098861694 0.0549218878 -0.0100537119 0.0809602365 -0.0339080542 0.1297264844 -0.0013655928 -0.0559542999 0.0897858068 -0.0088475011 0.0239849016 -0.1054999381 -0.0045105107 -0.0223573837 0.1029491946 -0.1324214339 -0.1032705233 0.0920837596 0.1397720873 -0.0581305027 0.0339522921 -0.0302658845 0.0903005302 -0.1183771044 -0.0711660832 -0.0080653746 -0.0556956232 0.0055806395
-0.0993710235 0.0880738124 -0.0720404834 -0.1298398674 0.0762400106 -0.0140797924 0.0813454390 0.0496965125 0.0065020570 0.0916324109 -0.0572338104 0.1025258452 0.0080148447 0.0995573103 0.1160244644 -0.0802996233 -0.0465732329 -0.1182969734 0.0295287259 -0.0548390448 0.1168760061 0.0140035423 0.0456731245 0.0117740314 -0.0035476298 0.0756594613 -0.0142189413 0.1034069806 -0.0795958489 -0.0551176146 -0.1232758015 0.0859125778 -0.1133209541 0.1298897117 0.0827005506 0.0845523477 0.0786712766 0.0523805879 -0.1342480630 0.0847195312 0.0184506774 -0.0131514966 0.0387424864 0.1001476273 0.0968048349 -0.0226255544 0.1146872714 0.0007555297 -0.0706213415 0.0694667473 -0.0350333788 0.1204270944 -0.0257103238 -0.0154092759 0.1421470046 0.1339251399 -0.0396990776 -0.0788920224 -0.0281282086 -0.0589079149 -0.1076736301 0.0802951604 -0.0695664585 0.0533244312 -0.0586483665 0.0180897601 0.1428317577 0.0529618263 -0.1508891582 -0.1023481488 -0.1268146485 0.0805639103 -0.1437264085 -0.0978632644 0.0813486204 -0.0530964471 0.0956522003 -0.0647690520 -0.0245483909 0.0474097431 0.0733569190 -0.0373236239 -0.0448530205 0.0687397420 0.1316991150 0.1092694849 0.0222658552 -0.0478665158 -0.1043246686 -0.1450832188 -0.0798759982 0.0162478499 -0.1127122715 -0.1369045377 0.0872061476 0.0683502406 -0.0384100303 0.0771201029 0.0280149765 -0.0616759472 -0.0060935305 0.0809985101 0.0586912706 -0.0528369658 0.1256771982 0.0652262866 -0.1034354493 0.0789808109 -0.1284597665 -0.0551381446 0.1133619100 -0.0215857513 -0.0965612382 0.0954293385 -0.0331872366 0.0412573367 -0.0383055732 -0.0142462822 -0.0374415480 0.1032834947 -0.0819481388 0.0272380598 0.0526159555 -0.0249492507 -0.1058755443 -0.0150874769 0.1375324726 0.0420723297 0.0105045484 -0.0351249874 0.0286102202 0.0000872884 -0.0145918932 -0.0230564997 -0.0463546887 -0.0964101776 0.0920859724 -0.0236720126 0.0219185762 -0.0965086073 -0.1075198874 0.1434416175 -0.0053946162 -0.0851787329 0.1183101758 0.0655530468 0.1104076505 -0.0290269721 -0.0358428992 -0.1032202169 -0.0304138064 0.1032238081 -0.0492611229 -0.1093471274 0.0045671198 0.0508363768 -0.0924860239 -0.1104819849 0.0284583829 0.0232694577 -0.1131220460 0.0123066101 0.0427139625 0.0483034477 -0.0347953737 -0.0153485257 -0.0363881886 -0.0479714982 -0.0535689034 0.1248893291 0.0009701670 0.1194932684 -0.0842211694 -0.0158532653 0.1206952780 0.0683463514 0.0646120459 0.0969234705 -0.0060624778 0.0866936222 -0.0117279962 -0.0404706933 -0.0070800711 0.1125136688 0.0690873787 0.1303270161 0.0844339356 0.0426047444 0.0632174984 -0.0774913281 -0.0071178735 0.1173783019 -0.1068561077 0.0407811515 -0.0338609181 0.1179023981 0.0745023489 0.0190642271 0.0619316064 0.1004753709 -0.1252840012 0.1220759302 -0.1115777567 0.0980350524 0.0740493238 0.1061380431 0.1214037612 -0.0915403813 0.0656726435 0.0744520128 -0.0166449212 -0.1177905723 -0.0854635686 0.0043676528 -0.1299244910 -0.0712853372 0.0551837347 0.1003945470 0.1392148733 -0.0353746824 -0.0397659875 -0.0844620764 -0.0250672493 -0.1184494644 -0.0349695608 -0.0486340672 0.1406525373 -0.0116228117 0.0305609610 0.1079827473 0.0622316636 -0.1210305393 0.0236892886 0.0930564776 0.0528138168 0.0198036041 0.0885385498 0.0136636514 -0.0848465711 -0.0513662994 -0.1365358531 0.0317619070 -0.0719223395 0.0542459413 0.0641868040 0.0561661050 0.1261693537 0.0827446207 -0.0709048659 0.0019111820 0.1192261502 0.0242298413 -0.0485280938 -0.1104521528 -0.0378045589 0.0662015975
-0.0928824618 -0.0241104271 -0.1200677082 -0.0541970171 -0.1063664332 0.1076090634 -0.0899139270 -0.0831886381 0.1054724753 -0.0209538322 -0.1293923706 0.0721931607 -0.0631361008 0.0783198401 0.1388805807 -0.0864769146 -0.0973106772 -0.0711559057 0.1118745878 0.1189078987 0.1198650077 0.1198349521 -0.0203856677 -0.1268633157 0.1154490262 0.1368195415 -0.1103347093 -0.0114960531 0.0437174439 0.1336052865 0.0257585328 -0.0183258075 -0.0636770651 -0.0371365473 -0.0662473142 0.0998545513 -0.1104735807 -0.0097875251 -0.0567896850 0.1123016775 -0.0938880071 -0.0505846143 -0.0002024501 -0.0230799075 0.0763381049 -0.0478526093 -0.0412213877 -0.0253949724 -0.0491896942 -0.0693316087 0.0074184532 0.0072626425 0.0574818812 0.0005326228 -0.0453884900 -0.0078719286 -0.0852394402 0.0524009056 -0.0430776551 0.1232595220 -0.0088441009 0.0452071205 0.1102706119 -0.0284164697 -0.0801714733 0.0926318541 -0.0686146468 -0.0124095790 -0.0864850953 0.0691965371 -0.0295021385 0.0606385730 -0.1114028469 -0.0581242554 -0.1442404985 -0.1350766420 -0.1049527973 -0.0242825914 0.0825109184 -0.1136147082 0.1148908734 -0.0393685140 -0.0811159685 -0.0850890651 -0.0447765328 -0.0190977752 -0.0940558016 0.0867598951 -0.0353677943 0.0927018523 -0.1005456522 -0.0314198397 -0.0895057991 -0.0180889908 0.0509193391 -0.0342612974 -0.1126462370 -0.0722933635 -0.1349191964 -0.0411988907 0.0490309782 0.0647180676 -0.0503462963 -0.0723270550 0.0073278062 0.0172438975 -0.1041352674 -0.0992018431 0.1063606441 -0.0701565072 -0.0201889239 0.0463413633 -0.1082381383 -0.0828532726 -0.1155646592 0.1222160161 0.0198876914 0.1247166768 -0.0362853594 -0.1143769845 -0.0562872812 -0.0442701951 -0.1038318798 0.1099207476 -0.0354370326 -0.0945782140 -0.0741947740 -0.0539908148 0.0709465817 0.0898291618 0.0183292087 0.0437018536 -0.0459178351 0.1080534235 -0.0325776339 0.0660265759 0.0664827377 -0.0451457128 -0.1054460108 -0.0626156777 -0.1056288257 -0.1126073599 0.0901738629 -0.0211223401 -0.1061752364 -0.0603173599 -0.0325095318 -0.0728972107 0.0572077334 0.0093714939 -0.0368499793 -0.0615615509 0.0746745765 0.1194193736 0.1019666344 -0.0164792892 0.1046185419 0.0260748696 -0.0237615686 -0.0351007581 -0.0604422167 0.1172679812 -0.0322976634 -0.0456615686 -0.1200799048 -0.0223864838 0.1010180265 0.0708250403 0.0682876483 0.0405781232 -0.0619963668 -0.1253793836 0.0213942025 -0.0579199344 0.1002035066 0.0639820993 0.0281720068 -0.0755757838 0.0958620533 0.0002855603 -0.0358342864 -0.0793234259 -0.0343450047 -0.0191739798 0.1253749877 0.0862550065 0.0364220254 -0.0995481163 -0.0357936807 -0.0822607055 -0.1249759570 0.0626080334 -0.1069619283 0.0285010301 -0.1159527227 -0.0645800903 -0.1107028127 -0.0366504677 -0.0234065838 -0.0781545863 -0.0236473195 -0.0337009169 0.0254396014 -0.1079732180 0.0658244267 0.0943611190 -0.1056221128 -0.1141141951 0.0202532504 -0.0233778153 0.0789882466 0.1045880094 0.0219010077 0.0362676792 0.1366641968 -0.0461557023 0.0466280989 -0.1128408983 0.0371680856 -0.0681896508 0.0069965511 0.0486145951 -0.0815252215 -0.0436620712 0.0168878734 0.0418406501 -0.0467556193 -0.0053432677 0.0101766381 0.0240932256 -0.0740105957 0.0156787280 -0.0900240541 -0.0797006339 0.0105214780 -0.1117133796 -0.0769311041 -0.0590484180 0.0248009712 0.0769656971 -0.1034187898 0.0658494383 -0.0492674038 -0.0452855602 -0.1046352014 0.0921536386 -0.0599613190 -0.0899581388 0.0645629540 -0.0450198390 0.0029232770 -0.0312377531 -0.0845380053 0.0495581925 0.1377916783 -0.0228099134
-0.0825108141 -0.0121054007 0.0109817293 0.0910231546 0.1239406988 0.0239486936 0.0539503433 0.1528342664 0.0799771845 -0.0184469242 -0.1051953137 -0.0844167843 0.1114221737 -0.0910498425 0.1236443296 -0.0142973941 0.1154825166 -0.1041418761 0.0752788782 0.0750209764 0.1169533432 0.0611894242 0.0457079895 0.0365359336 0.0047741737 0.0823574886 -0.0335375629 0.0236823875 0.0475796573 -0.0352974720 0.1111046895 0.0387807116 -0.0217958782 -0.1147645563 0.0023420763 0.0665154532 -0.0020891321 -0.0518659279 0.0348971076 -0.1112365872 0.0735326558 -0.1379871517 -0.0391800627 0.0904880613 0.0811402351 -0.0760822594 -0.0817837715 -0.0725796372 -0.0426134691 0.0780099034 0.0344931893 -0.1067080945 -0.0533665866 0.0928657427 0.0528305024 -0.1229268909 -0.0651484728 0.0633795485 0.0878274739 -0.0811168998 0.0427773595 0.0917010084 -0.0573877320 -0.0431986414 -0.0057407562 -0.0770357698 0.0346673653 -0.0091122827 -0.0720492825 0.1373598427 -0.0251189806 0.0805526078 0.0453048982 -0.0896615535 0.0449490286 -0.0192600880 0.0944343358 0.0040799952 -0.0155208120 -0.1211891770 -0.0190992970 0.0586866215 0.0817529112 -0.1165595725 0.0381317027 -0.0699981228 -0.1177056432 0.1027509570 -0.0165910590 0.0372671001 0.0838027149 0.1094634086 0.1097426787 -0.0417308360 -0.0901210979 -0.0003065558 -0.1233965531 -0.1507101953 -0.1180032715 -0.0601992086 -0.0376703441 0.0270272456 0.0616806783 -0.0795916393 -0.1149388403 -0.0082444167 0.0598866567 -0.0856642723 0.0730698854 -0.0981380418 -0.0281524900 -0.0186839476 -0.0592396148 -0.1165952235 0.0635510683 0.0743187368 -0.0578887723 -0.0212055258 0.0995658189 -0.0517451540 -0.1330387592 0.1526144147 -0.0135782808 0.0303298365 -0.0646894947 0.0443179235 0.0265693143 -0.1146859154 0.0152808763 0.1218607798 -0.0206716787 0.0743356943 0.0651325509 0.0455513224 0.1264104992 -0.0218754299 0.1371565759 -0.0647124276 0.0206120256 0.0706539378 0.1473482251 -0.1025774702 0.0003549625 -0.1124295443 0.0152169168 0.1077585146 -0.1316062510 0.0413034260 0.0353384241 -0.1104505435 -0.0936949924 0.1024990231 -0.0777112767 0.0081831999 0.0711173788 0.0785797983 0.0533644930 0.0684323758 -0.0639050975 -0.1105532199 0.0174220037 -0.1253844947 -0.0665282905 -0.0847892761 -0.0132805146 -0.0143821370 0.1037309542 -0.0300217606 0.1043745354 -0.1208878011 0.0286592841 -0.0226147193 -0.0647040755 0.0392899252 0.1309169382 0.0535310023 0.0812161267 0.1307731867 0.1327666789 -0.0035419508 -0.0694403499 -0.0235780384 -0.0388525836 0.0918253288 0.0282368325 0.0124618830 -0.0584614798 -0.0924246460 0.0441640392 0.0517152362 0.0763596818 -0.0003086859 0.0611640960 -0.0356870294 -0.0343413167 -0.0449459068 0.1029277816 -0.1134658158 0.0303283520 0.0477794148 -0.0720642135 0.1252081543 0.0081686806 -0.1008615494 -0.0999711230 0.1169112325 0.1004392505 0.1390392482 -0.0715629309 -0.0871920511 0.0362443998 -0.0454058275 -0.0409932174 0.0505327173 0.0424133763 -0.0096342694 0.0051724603 -0.0048448145 -0.0895374790 -0.0387227200 -0.0531136505 0.0119675286 -0.1216555312 0.0386018828 0.0538288876 0.1372997612 0.0333092324 0.0727417544 0.1446563005 -0.1008796245 0.0148601830 0.0519689247 0.0509131551 -0.0113193346 0.0216405150 0.1331277639 -0.0166155621 0.1110573933 -0.1027142555 -0.0871865451 0.0357939042 -0.0947381034 0.0691098943 0.0976694599 -0.1464133263 0.0485715568 0.0692478642 -0.0918825194 -0.0986455679 -0.0235774778 0.0780068561 0.1042853147 0.0982435644 -0.0936015621 0.0074518975 -0.0791404843
0.0771056041 0.1074528024 -0.0173184741 -0.0335227549 -0.0645513907 -0.0284993090 0.0695185289 0.0285445526 0.0491228737 -0.0354027823 -0.0533560701 -0.0454612188 -0.0062016696 0.1184392124 0.0766380727 0.0198868215 -0.1298422664 0.1030342579 0.0681562275 -0.1249668002 0.0486217216 0.0392649807 -0.0428591222 -0.0979338437 -0.0747062489 0.0702838451 -0.0592753664 0.0252363775 0.0526012853 -0.0428179912 -0.1174327210 0.0814278573 -0.0897192061 0.0429798625 0.0969219208 0.0710279644 0.0661491305 0.1212273836 -0.0707019642 -0.0136947790 0.1164923161 0.1288143843 -0.0206306130 -0.0973475948 0.0621444434 -0.0839428455 -0.1025666222 0.1330500841 -0.1168293059 -0.0299051013 0.0216687489 0.1438110918 0.0701270774 -0.0010497719 0.0878696367 0.0384281091 -0.1020013168 0.0437480062 0.1380350441 0.0874490812 0.0908402130 0.1429000646 -0.0959242731 -0.0557371862 -0.0212839469 0.1106719673 -0.0276939813 0.0812993869 -0.1011576951 0.0163029954 0.0795646608 -0.1185115203 0.0510475151 -0.0457585715 -0.0750109255 0.0864275619 0.0586826652 0.0922588855 -0.1263445169 0.0064475518 0.0047666109 -0.0370957777 0.0829500780 0.0255554095 -0.0268357061 0.0653550252 0.1087330654 0.1135313958 -0.1113572940 0.0543373711 0.0838549808 -0.1234203577 0.1328256130 0.0697525293 0.0730470642 0.0849139765 -0.1239188388 -0.0522806682 -0.0888435915 -0.0959540904 0.1082903594 -0.0365538672 -0.0018152943 -0.1179475188 0.0904670432 -0.0406187177 0.0583842322 0.0734256282 0.0722454786 0.0639878139 0.0805030465 0.1218641102 0.0815109387 0.1082225889 -0.1214581504 -0.1314002723 0.0094740279 0.0528341196 -0.0216977745 0.0158046726 -0.1441518813 0.1217920706 0.0310388915 -0.0649723858 0.0843239948 0.0957336128 -0.1093991399 -0.0049266345 0.0321740359 -0.0738893747 0.0192578398 -0.0408004075 -0.0224284921 0.0724311620 -0.0860534310 -0.0498855971 0.0139955636 0.0333761722 0.0060023610 -0.1065132394 0.1318434924 -0.1207057983 -0.1180752441 -0.0381946303 -0.1259451360 0.1278756559 0.0605737604 -0.0356457792 0.1194231808 0.0854388773 -0.1066920385 -0.0228463858 -0.0111455079 0.0815137997 0.0940856561 -0.1094624475 0.1044178978 0.0136741884 0.0449098423 -0.1221740767 0.0393455066 0.0727206320 -0.1092904210 -0.1092312038 -0.0350503623 0.0442586951 0.0807870328 -0.0748740435 -0.0646633133 -0.0583457612 -0.0955182612 0.0894086286 -0.0375105068 0.0782545432 -0.0680692941 0.0610721409 0.0992812589 -0.0012007573 0.0253011342 0.0577280521 -0.0821990594 -0.0250555221 -0.0216589998 -0.0555373766 0.1227461845 0.0539669357 0.0295728035 0.0557952300 0.1109233275 0.0087338453 -0.0909688100 -0.1134286076 0.0919248089 0.1238433719 0.0620450936 0.0880878046 -0.1249212548 -0.1239449680 -0.1010443121 -0.1116883904 0.0704280809 0.0285168625 0.0994765311 -0.0975137204 -0.1402320415 0.0867185518 -0.1169639379 -0.0171426442 -0.0803185627 0.1340769082 -0.1282649040 0.1173371151 0.1007661745 0.0663465708 0.0707773492 0.0871517286 -0.0468904413 -0.1255851239 0.0296445843 0.0759773850 0.0987628251 0.1286521256 0.0965697914 -0.0171817150 0.0148045802 0.1239943802 -0.0105441855 0.0362441763 -0.1127297133 -0.0225309674 0.0508631542 -0.0852414891 0.1170534343 0.0212296471 -0.1297389716 -0.0478850119 -0.0755940154 0.0762751773 -0.1099899039 -0.0821111947 0.0615566596 -0.0847295150 -0.1242258623 0.0037538826 -0.0233454108 -0.0441175811 -0.0513202734 0.0408164226 -0.0778137594 -0.0043717111 0.0376048647 0.0408646353 0.0131853325 0.0325892195 -0.0715764686 -0.0975883380
0.0800181106 0.0054104910 -0.0440243743 0.0705029443 -0.0629789531 -0.0762169957 0.0877428055 -0.0170110725 0.1332626790 0.0434308797 -0.1123402640 0.0394637510 -0.1314786673 0.0408853143 0.0688253641 -0.0203984082 0.0072212610 0.1339839548 -0.0335669853 -0.0281233471 -0.0723073110 0.0850479975 -0.0317328759 -0.0442272127 -0.0673540756 -0.0783002377 -0.0735982507 0.0798013806 0.0508055799 -0.1357295513 0.0392245278 -0.0916046575 -0.0698422790 -0.0357471630 0.0590429753 0.0484373011 0.0979097784 0.0442736074 0.0940466151 0.0096276850 -0.1247740462 0.0333321132 0.1320440620 0.0206512418 -0.0785885081 0.1138133630 -0.0190499723 -0.0128016975 -0.0168551207 -0.0660096928 -0.1290971041 0.1080256999 0.0944564119 -0.0559577160 -0.0660301819 0.0602620468 -0.0469765104 -0.1029688418 -0.0330245532 0.0159613136 0.1177760288 -0.0022229156 0.0991168469 -0.0001605953 -0.1294838786 -0.0063716737 0.0889256522 -0.0992194265 0.0325253718 0.0773554370 0.0521029122 0.1207841635 -0.0205547884 -0.0732995644 0.0684931353 -0.0138865197 0.0280129220 0.0293035936 0.0924052224 -0.0321431607 -0.0976845697 -0.0169214755 0.1260705441 -0.1031534448 0.0478573926 -0.1238267273 -0.0793370456 -0.0614997409 -0.0702671930 -0.1184659302 0.0873484984 -0.0356180891 -0.0190062970 0.0613997765 -0.0384787917 -0.1033862531 -0.0009506430 0.0013790607 0.1263582706 0.0355092958 0.0925173759 -0.0732764080 -0.0626599565 0.0869388729 -0.0630190521 -0.0876992941 -0.0767045543 0.0266746413 -0.1236882731 0.0371829458 -0.0514677800 0.0725379363 -0.0471720472 -0.1279927194 0.0098829148 -0.0985796601 -0.1114474088 -0.0816818774 0.1147920340 0.0573456474 -0.1353527606 -0.0063434811 -0.0036680743 0.0019830267 0.0919627175 0.0034204351 0.0159506686 -0.0342646912 0.0566307083 0.0017186040 -0.0462384112 0.0433664694 -0.0806603283 -0.0337489098 0.1042923704 -0.0683276430 -0.0658800378 -0.0823094249 -0.0018733264 -0.0020108134 -0.1311634481 -0.1262400746 -0.1549296975 0.0379908532 -0.0649317950 0.1191141009 0.0352900177 0.1289624572 0.0320179127 0.0475867093 0.0599214956 0.0570013560 -0.1180990562 -0.1326852143 -0.0332077071 -0.1164428964 -0.0568971336 0.0837045759 0.1045347527 -0.0601562671 -0.0121118659 0.0806969628 0.1051501557 -0.0227402467 -0.0433026068 -0.0889140815 -0.0158003140 0.0463338420 -0.0130181070 0.0484048724 0.1159020439 -0.1257341057 0.0281694625 0.0288543478 0.1333454996 0.0599456765 0.0355091617 -0.0142311146 0.0127006117 0.0430245735 -0.0821272433 0.0395515561 0.0080588860 -0.0499126688 -0.1394339502 0.1011944190 0.1300738603 -0.0148370527 -0.0908567905 -0.0162829570 -0.0761793256 0.0151751256 -0.1348333955 -0.1139087975 -0.0577261113 0.0218449216 -0.0117642405 0.0520959459 0.0313457400 0.0847186968 -0.0311473180 0.1122602075 -0.0420884006 0.0641485006 -0.1434669644 0.1217744052 0.0058386130 0.1321314275 0.0152714849 -0.0138943065 0.0535126738 -0.1389484257 -0.0139761353 -0.0422511734 -0.0942143723 0.1136580035 0.1197382733 0.0231818743 0.0415341817 0.1353793591 -0.1087973639 -0.1044829711 -0.0278491806 -0.0128077166 -0.0677554309 0.0034690523 -0.0980263427 0.0794760883 -0.1330985874 -0.1343056113 -0.1014532670 0.0190538578 0.1204928681 0.0559498966 0.0077143400 0.1125739515 0.0594114251 -0.0307017807 0.1388453692 0.0154794753 0.1161637232 0.0864065811 -0.1241740361 -0.0621241406 -0.0421644114 -0.1326223016 0.0183960963 -0.0728839561 -0.0468148775 -0.0872330964 0.0860739723 0.0023794041 -0.0878812969 0.0771279857 0.0043941736 0.0670541003
-0.1198406145 -0.0114223622 -0.0765078664 0.1000752002 -0.1218051612 0.0699579120 0.1422397196 0.1122484431 0.0605683625 0.0445912555 -0.0407303423 0.1329910606 -0.1325734854 0.0993494913 0.1081117541 0.0633608252 -0.0187403876 -0.0529942252 0.0846806020 -0.0259381086 0.1417320967 0.0889051408 0.0969453380 0.0369431004 -0.1249606982 -0.1152069718 -0.0242877360 -0.1395412087 0.0945146754 -0.0370890237 -0.1064652056 0.0945312232 0.0031492477 0.1029411405 0.1124241948 0.0622788258 -0.0651706606 -0.0815066621 0.0504078567 -0.0844859928 0.0764970332 -0.0926628634 0.1300044805 -0.0840641335 0.0695143938 -0.0330553278 0.0414160974 -0.0677641481 -0.1131620333 -0.0006342831 0.0814248770 0.0436724573 0.0538221635 -0.1244281605 -0.0732862800 0.1117333248 0.0055652969 0.0702303424 -0.0330664627 -0.0638237000 -0.0976486653 0.1193726361 -0.0196033251 0.1080642864 -0.0773304999 0.1281696707 -0.0440289862 0.0243205372 -0.0195100661 -0.1348248422 -0.0370145142 0.0365980454 0.1325373501 -0.0836342126 0.0609732792 -0.0213028267 0.0359206572 0.0899079069 -0.1040896699 -0.1189486310 -0.0066822516 0.0606234409 0.0010299630 0.1224363744 0.1265176088 -0.0102376835 0.0768403634 0.0661713332 0.0297707729 -0.1194042414 0.0285897907 0.1313235164 0.0067487122 0.1120216399 0.1166954935 -0.0083800443 -0.1135156974 -0.1280121952 0.0814889669 -0.0812350810 0.0545643605 0.1463043839 -0.0528026074 0.0765133053 -0.0750210136 -0.1015618145 0.0272347108 -0.1149948761 -0.0235986374 -0.0030450867 -0.1197324097 0.0078596529 -0.0341573842 0.1232629567 0.0429537743 0.0341071226 -0.0374777056 -0.1219791323 -0.1181481108 -0.0082814880 -0.0414845869 0.0106444238 -0.0616849102 0.1065622494 -0.0846638158 -0.1181963906 0.1145797595 -0.1260127127 -0.0998414308 0.0427653119 0.0074078967 0.1026896238 -0.0355933048 -0.0882325694 0.1012384892 0.0842672437 0.0498807989 0.0209564120 -0.0795377567 0.0948779956 -0.1140221357 0.0688114315 -0.0097497972 -0.1305764467 0.0537025072 0.1016287059 0.0476507433 0.0514745302 -0.0989136994 -0.1064034328 0.0683484152 -0.0430304930 -0.0890660435 0.1243841648 -0.1149371490 0.1245897636 -0.0177488755 0.0827921629 -0.0835289508 0.0282257125 0.0129902223 -0.1306234747 -0.1111164764 0.0369980820 -0.0725692809 0.0904160812 0.0635653883 0.1526922435 -0.0471559279 0.0048529580 0.0092311073 0.1444795579 0.0041114711 0.1135495305 -0.0220238846 -0.0391482152 0.0558598004 0.1180111766 -0.0715355054 -0.1379206181 0.1249541417 -0.0114214215 0.0241838153 0.0607985742 0.1065204367 0.0437133946 0.0146887116 0.1009617597 0.0309033748 -0.0937487185 -0.0520692691 -0.0761055946 0.0386999883 0.0564602502 0.1179680377 -0.0793707967 0.1224416718 -0.0838260651 0.0446737893 -0.0557323508 0.0653382838 -0.0126191955 -0.0252824556 -0.1091089770 0.0835048556 -0.1021726131 0.0010442745 -0.0459087119 -0.1143817529 0.0897722468 -0.0061169025 -0.1023987383 -0.1183539554 -0.1268445104 -0.1177933216 -0.1198758408 0.0722525939 -0.0992231667 -0.1322927475 0.1263853610 0.0445228629 -0.0663054287 -0.1129476056 -0.0584658347 0.1123256907 -0.0196255930 0.0893369764 -0.0170974433 -0.0342389904 0.1307469308 0.1309639066 -0.0395638905 0.0232543573 -0.0534485318 0.1122540459 -0.0208943114 0.0473379306 0.0345884785 -0.0930445716 0.0903105214 -0.0460823625 0.0951559320 -0.0712641254 0.0876363441 0.1123509109 0.0795443803 -0.1225167289 -0.1100189462 0.1298105866 0.1108389795 0.0126254279 0.1070341766 0.0834384784 -0.0136083327 -0.0279783793 0.1476480216
0.0104982434 -0.0103115719 -0.1432371885 -0.0651980639 -0.0524149202 -0.1170227081 0.0738630667 0.0566838570 0.0611202121 -0.0722262189 0.0648767501 0.0801229253 0.1245696321 0.0684515685 -0.1019780934 0.0595967397 -0.0862781182 -0.0127379782 0.1030367613 0.1513410211 0.0690738708 -0.1297388524 -0.0917650759 -0.0194245931 0.0010726289 -0.1097858176 -0.0483500101 0.1011510342 0.0348005220 -0.0691472962 0.1388334930 0.1113936007 0.0957427248 -0.0216062199 0.0891851410 0.0325994380 0.1304243058 0.0516117103 -0.0874265432 0.0695984140 0.0704377368 -0.0056540808 0.0813494250 0.0641918704 -0.0023392064 -0.0022096299 -0.1011864915 -0.0809849948 -0.0437832177 0.0522290953 0.1154583469 0.0109854015 0.0051508285 -0.1157608330 0.1169948205 -0.0413000621 -0.0962196216 0.1145630404 -0.1154247969 0.0195697360 -0.0179171506 -0.1101959273 -0.0954482704 0.1187951118 -0.1139517725 0.0559230037 -0.0177049786 0.1016291082 -0.0717626736 0.1027832180 0.0075529823 0.0218023099 0.1395348161 -0.1158051267 -0.1112098396 0.0774561912 0.1124911159 -0.0478560291 -0.0014539664 0.0089808442 -0.0423059724 0.0671948418 0.1492471397 -0.0386529379 0.0336403474 -0.0360219255 -0.1162764430 0.0704213530 0.0356999189 -0.1141422316 0.0085261278 -0.0135295084 -0.0136936884 0.0708308965 -0.0088353520 0.0320617668 -0.0263820756 -0.0596356802 -0.0589870922 -0.0318591744 -0.1288087666 0.1258310825 0.0904600918 -0.0481321253 -0.1222210452 0.0368448943 0.0290225297 -0.1349552870 -0.1364364773 -0.1156584471 -0.1426547468 0.1147875264 -0.0030595101 -0.0975867510 -0.1052080467 -0.0924799591 0.0937604457 -0.0957634822 0.0234327316 -0.0575513393 -0.0978574529 0.0390986763 0.0475105792 0.0951890871 -0.0494055599 -0.1442353725 0.0116671659 0.0260978248 -0.1008189321 -0.0959002003 0.0624224581 0.0160856862 0.0398980081 -0.0922066197 -0.0435519554 -0.0327894948 0.0275926124 0.0186708756 -0.0250940267 -0.0537695847 0.0594770722 -0.0111609567 0.0740690157 -0.0158109870 0.1077841073 0.0362303853 -0.0338551253 -0.0767161027 0.1308683455 -0.0618205853 0.0300975498 0.0666323900 0.0721751675 -0.0362581164 -0.1081144661 0.0996539816 -0.0706714392 0.0292173009 -0.1193388849 0.1395578980 0.0525904074 0.0685217604 0.0177050754 -0.1129914373 -0.0796391591 -0.0903707817 -0.0505960099 0.0961804539 -0.1165386364 0.0417455882 -0.1148709655 -0.0480786674 -0.1338587403 -0.0345774516 0.0227278899 0.0243093260 0.0007856287 0.0424613170 0.0593782999 0.1065860838 -0.0804355219 0.1431868225 0.1489434093 0.0259815287 -0.1077319980 0.0161040630 0.0896070823 -0.0265905242 0.0203478746 -0.0448034927 0.0520614423 -0.0599285625 0.0170246251 -0.1288353354 0.0165366121 0.0391509496 0.0972847715 0.0579862893 0.0332948081 -0.0501979776 0.1398839355 0.0924987122 -0.0512224175 0.0680282265 0.1372819245 0.0337144583 0.0981047675 -0.0483135320 -0.0891851485 0.0818840340 -0.0301411282 0.0775931254 0.0964891464 -0.0005429884 0.1400273591 0.0410850197 0.0234004091 -0.0896365941 -0.0018074831 -0.0029149910 0.0963412523 0.0953407064 0.1213800088 -0.1245721951 -0.1048434451 0.0394900441 0.0051374333 -0.0166131891 0.0084485430 0.0358297080 -0.0468932539 -0.1084981412 -0.0249726698 -0.0305859409 0.0707063675 -0.0941537842 0.0975555480 0.0154111627 -0.1059004813 0.0623401217 0.0102737229 -0.0466837138 -0.0104110735 0.1575815976 -0.0051112589 0.0801415369 0.0776083916 0.0882479846 -0.0987944081 -0.0731520578 0.0159090329 -0.0588810407 -0.0695522800 -0.0665930733 -0.0071901563 0.0916160420
0.0067814058 0.0871164501 0.0498994142 -0.0570072085 -0.0715764314 0.0829302520 0.0443371683 -0.0371874757 -0.0174467880 -0.0250646137 0.0628475770 -0.0258806106 -0.1126805171 0.0129699083 -0.0992419720 0.0646427050 -0.0884841383 0.0289985277 0.0918252245 0.0709657148 0.0897017419 0.0583652854 0.0660055205 0.0580980591 0.0291901343 -0.0317716114 0.1409401298 0.1174081266 -0.1027739346 0.0567386225 -0.1019935906 0.1106635258 -0.0763809979 -0.0343487114 0.0298613887 0.0863921791 0.1519324929 -0.0066363565 -0.0068983138 -0.1113799661 -0.0282741860 0.0980338305 -0.0320739001 0.0101893330 0.0610821769 -0.0178553127 0.0240440033 -0.1158628464 0.0078316266 -0.0350325815 0.1480333656 -0.1329357475 -0.0290122759 -0.0758950859 0.0584025607 -0.0854708776 0.0905891657 0.0147859529 -0.0281073414 0.0026618042 -0.0805865899 0.0754007995 0.0358622447 0.0261501148 0.1023435518 -0.0956957415 0.0821292922 -0.1444178224 -0.0509299934 0.0468194149 0.0458458625 -0.0702614114 -0.0502511896 0.0096949441 0.1136324853 0.0989140645 -0.0001480246 -0.0006510267 0.0897979811 0.1536955088 0.0201210640 -0.0631221309 0.0859687030 -0.0970407426 -0.0647656769 0.0287561640 -0.0146680726 0.1013126895 0.0931848139 -0.0317470394 0.0972942412 -0.0200798474 0.1435183287 -0.1010434180 0.0411013514 0.0210351199 0.0621504374 0.0224189833 0.0640723780 0.1318150014 -0.0793651715 -0.0979612023 -0.1006241590 -0.0457561277 0.0756986290 0.0408636443 -0.0410833843 0.0675731450 -0.1123095006 0.1230163723 0.0549004190 0.0965476111 0.1158118248 -0.0539368428 -0.0652048662 0.0528874770 -0.1438542455 0.0612700582 0.0431504138 0.0255046636 0.1369198710 -0.0522173904 0.0850721151 -0.0451816097 0.1065035835 0.0693601668 -0.0204963777 -0.0043313461 -0.0213350896 -0.0387970395 0.0838649794 0.0858481899 0.1054250374 -0.0877125189 -0.0781482533 -0.0611089878 -0.0938636959 0.0775717571 0.0376806520 0.0396865457 -0.0769145638 0.1152232215 0.0517351180 -0.1037875190 -0.0348700657 0.0382536240 0.0784935951 -0.0300211664 0.1538732946 -0.0703315139 0.0171040148 0.0177164879 -0.0801838413 0.0410975851 0.0984838009 0.1109641567 0.0172322411 0.0628799945 0.1205668971 -0.0865273550 -0.1042264029 -0.0842684954 -0.0333772153 -0.0651097894 0.0525244288 0.0231616441 0.0514191054 0.0242255293 -0.0897680074 -0.0416092053 -0.0954935923 0.1461769640 0.1089910194 0.0472555161 -0.1004377827 0.0284041073 -0.1150511354 0.0912748203 -0.0138567630 -0.1328923702 -0.1327599436 -0.0391518921 0.0423847288 -0.1064425632 -0.0342445560 0.0260632504 0.0811893716 0.0658969507 -0.1386705935 -0.0615928397 -0.0287379064 -0.0706632212 -0.0339369737 0.0184325557 0.0861608610 -0.0514493249 -0.0565018728 0.1165616438 -0.1073927507 0.1416838765 -0.0170743987 -0.0867451355 0.0536405295 0.0976286680 -0.0115882866 -0.0697444081 -0.1198273301 0.0191340689 -0.0083836475 0.0580301844 0.0407954007 -0.1232136190 0.1218948662 0.1421239227 -0.0761851743 -0.0577921569 0.0570938475 0.1547551006 0.0461915843 0.1309959292 -0.0436896496 -0.1227851436 0.0852343813 0.0368244722 -0.0978924409 -0.0829719752 -0.0809438750 -0.0083902571 0.0135549195 -0.0518968552 -0.0864381641 0.0236480441 -0.0303282216 -0.0816586837 -0.0777644143 -0.1044265851 0.1021086872 -0.0667951554 -0.0173443351 -0.0752407014 0.0653096363 0.1199392453 0.1145555452 0.0500128902 -0.0612123460 -0.0493375063 0.1469757259 0.0217333827 -0.0706336126 -0.0117611289 0.1019965261 0.0563969910 0.0957112014 -0.1299744993 0.0521834567 0.1167923138
-0.0522386916 -0.0890696868 0.0428361446 -0.0518644266 -0.0533833951 0.0327065662 0.0146292904 0.1284474730 0.0933601111 -0.0522672683 0.0183139909 -0.0351244174 0.0282097906 0.0544366539 0.0993554220 0.0505635068 -0.0448224470 -0.0386077166 -0.0242703669 -0.0751152188 -0.0480735600 0.0021835275 0.0603830256 0.0085852137 0.1428973377 -0.0824569985 0.0936616287 0.0218689572 0.1343103945 -0.0005229901 -0.1208867803 0.0103173908 -0.0863639340 -0.0178022142 -0.0810143724 -0.0791396648 0.1366280317 0.1048346907 -0.0008739432 0.0671501979 0.0682744384 0.1292984933 0.1291612089 0.0636008531 -0.0399445370 0.0438024923 0.1247401461 -0.0807043165 0.0148153212 0.0177614428 -0.0423256494 -0.1431594640 0.1179948896 0.0238102321 -0.0998233110 -0.0530487150 -0.1434452534 -0.0994086936 -0.0619236305 0.0702834800 -0.1060443372 -0.0099151684 -0.0690095648 -0.1128885671 -0.0204582140 -0.0778931603 0.1081114560 -0.0130403861 0.0349574313 -0.1292176843 0.0974061489 0.0335942581 -0.0531466678 -0.0664917603 -0.0705249757 0.0450569913 -0.1138208956 -0.0277579371 -0.0266772006 0.0616656318 -0.1235187575 0.0128599312 0.1333864033 0.0456029586 0.1006392837 0.0683229417 0.0413113683 -0.0795061812 -0.0113367504 -0.0049852459 -0.1226731017 -0.1287394315 0.0071913050 -0.0022201457 -0.0170183517 0.0530954190 0.0939119905 -0.1173966676 0.0620276444 -0.0547370017 -0.0883876607 0.0438935570 0.1041257530 0.1012957320 0.0547132492 -0.1020385697 -0.1338746697 0.0324348174 -0.0153021002 0.0919080228 0.0659927204 0.0885903537 0.0079232641 0.0613159649 0.0877842233 -0.1116042584 -0.0126778129 -0.1001151279 0.0905184671 -0.0227618162 0.0932790264 0.0244166646 0.0002811025 -0.0389501639 -0.0852139741 -0.0168624390 0.0038140463 0.0970654488 0.1281871498 0.1308218390 -0.0374659486 0.0332896635 -0.1012765765 0.0758925229 -0.1269785762 -0.0716099739 0.0884233564 -0.0365664028 -0.1318484098 -0.0482530966 -0.0502965264 -0.0918769315 -0.0900488496 0.0304635745 -0.0604792535 -0.0454482697 -0.0636757687 -0.0667468756 0.0133776627 -0.0459139869 -0.0593273118 -0.0856096819 -0.1227780953 0.0669508353 -0.0485868603 0.0613755360 -0.0817037448 -0.0875192955 0.0989478901 -0.0105111701 -0.0438462384 0.0654315874 -0.0307800379 -0.0433898121 -0.1215400696 -0.0491611697 -0.0456232540 -0.0116589954 -0.0171466731 -0.1033965722 0.0022250996 -0.0818985701 -0.0044543701 -0.0108562494 -0.1152575016 0.0928359404 0.0175116397 0.0563622005 -0.1079512239 -0.0340842828 0.0006781220 0.0073406585 -0.0677470043 -0.0418417826 0.0261388700 -0.0177819580 -0.0152794160 -0.0057035647 0.0747709274 -0.0784709901 0.1136594340 0.1124466807 -0.0106773973 0.1229287758 0.0288645215 0.0251730327 -0.0812133700 -0.0407429039 0.1216299236 0.0620063469 0.1066122204 -0.0502668656 0.1279247552 0.0632562190 0.0916819423 -0.0949853882 0.0153832315 0.1020428613 -0.0348019116 -0.0264226850 0.0556951128 0.0285508297 -0.1444555074 0.0078408457 -0.0991660655 -0.0473856777 -0.0662128031 0.0771078840 -0.1306965649 -0.0220989529 0.0469112992 0.0440348871 -0.0200902838 -0.0135933170 -0.0277691726 -0.1144666821 0.1189188063 -0.0851248875 -0.1475083381 0.0996673778 -0.0339971147 0.1097983345 0.1327424347 0.1091394722 0.0416554995 -0.0344027653 -0.0212195888 0.0781148598 0.0240454171 -0.0641748682 0.1157006100 -0.0011072429 -0.0819584280 0.0246352423 -0.1241624355 0.1182866916 -0.0416469537 0.0456895046 0.1141507626 -0.0597368702 0.1097693518 0.1283540875 0.0702024177 0.0752191469 0.0438329130 0.1264555752
0.0829461142 0.0319836996 0.0801240876 0.0345459841 0.0273349546 0.0593434460 0.0985071585 0.1159767210 0.0317324884 0.0983131900 -0.0300656054 0.0805976316 0.0183374938 -0.1116228998 0.1008079574 -0.0878115296 -0.1328522861 0.0321306176 0.0342148021 -0.0642105639 -0.0802282542 -0.0809047893 -0.0175536927 0.0746140033 0.0266715400 -0.1224386096 -0.0872940049 -0.0462434404 0.0352523178 0.0339646488 0.1081116572 0.0055924412 0.0262528844 0.0315050595 -0.1093091071 -0.0061630365 0.0585794002 -0.0990080833 0.0335158855 0.0888812914 -0.0725608841 0.0406509340 0.0832731947 0.1183844060 0.0402853116 -0.0640005767 0.0160695408 0.1174609065 -0.0968243256 -0.0407035761 0.0602642260 -0.0706916377 0.0033307541 0.0212876145 0.1054159328 -0.1346614361 -0.0250986367 -0.0888020322 -0.0345082358 0.0536015444 0.0277457833 -0.0618602782 -0.1082305759 -0.1392857283 0.0528303199 -0.0530179664 -0.1438698620 0.1059935018 0.0012432411 0.0065289084 -0.0762309283 -0.1420451701 0.0777630508 0.1141909957 -0.1178793609 -0.0474462248 0.0364338793 0.0507799089 0.0301931258 -0.0924575776 0.0054844185 0.1301061064 0.1238279417 0.0078966487 0.0658880547 0.1079495624 -0.0108815935 -0.0322997607 -0.1324909478 -0.0540899672 0.0606185384 -0.1406109184 0.0713723749 -0.0586956181 -0.0813224986 -0.1193750948 0.0064653670 0.0435867049 0.0828325748 -0.1318355203 0.1369661093 -0.0494414791 0.0652830079 0.0860858783 0.1001554728 0.0979335904 -0.0224859565 0.0705134794 0.0947634056 0.1139337495 -0.1493643671 0.1185350120 -0.0600719377 -0.1118160561 0.0617277548 0.0822902843 0.0060966299 -0.1018553525 -0.0671244934 0.0649305880 0.0490269661 0.0862240642 -0.0549617931 -0.0412151888 0.0571646132 -0.0542820133 -0.0034266647 -0.0866234601 0.0549927279 -0.0417341217 0.0458926521 0.0504289828 -0.0381073095 -0.0713646561 -0.0105580455 -0.1131987199 -0.0258641317 -0.0350897163 0.1230767518 -0.1139893457 0.0472264737 0.0745298490 -0.0168606844 -0.0023501150 -0.1095216647 0.0403533019 -0.0072044497 -0.0381973945 -0.0389987491 -0.1038638651 -0.0900781825 -0.1215544492 0.1354526132 0.1042605564 -0.0772205219 -0.0141547574 0.1311769933 0.0416785963 -0.0361178778 0.0203967858 -0.0646425560 0.1047824025 0.0352371708 -0.0610947274 -0.0254479796 -0.1153306365 -0.0354194343 -0.0997524858 0.0971455127 -0.0633233786 -0.0278295539 -0.0588623956 -0.0230589733 -0.0565678850 0.1055269763 0.0877523869 -0.0130988425 0.0786346868 -0.0640813261 -0.0096749384 -0.1343169361 -0.0101627801 0.0731345788 0.0388883948 -0.1128584817 0.0994201228 0.1081431434 0.1036783159 0.0999677926 -0.1109929681 0.0249009989 -0.0725643113 0.0513106324 0.0111388750 -0.0401819684 0.0041447957 -0.0926727206 0.1185098514 -0.1307380050 0.1185720637 -0.0838928893 0.0623546019 0.0880742818 -0.0340499729 0.0458577387 0.0413927138 -0.1139474511 0.0887612328 0.0125559829 -0.0977584049 -0.0107970964 -0.0585010760 0.0756291300 0.0898492485 -0.0295347162 -0.0735199451 -0.1089209616 -0.1250056475 0.0948468149 0.0372141600 -0.0236949325 0.0664829314 -0.0244313646 0.0596844926 0.1359540969 -0.1188860089 -0.0735059083 0.0521418042 -0.1100662202 -0.0827451944 -0.0035194755 -0.0507750250 -0.0502854921 -0.0499127842 0.1101127714 -0.1203560978 0.0823800713 0.0264209211 -0.0381868109 0.0298655648 -0.0991741568 -0.0235661715 -0.0702233985 -0.0064598606 -0.1000204384 0.0801334903 0.0331949480 -0.0595091917 -0.0931962430 0.0444349945 -0.0171004478 -0.0161792152 -0.0050797448 0.0013321118 0.0072985692 0.0600172207
0.0485079810 0.0955078304 0.0603872538 0.0297151618 0.1093959287 0.1260041445 -0.0770245418 -0.0261667259 0.1043248326 -0.0068492335 -0.0481476635 0.1318815351 0.0404698551 -0.0391123295 0.0516790189 -0.0321657173 0.0546173640 0.0220654532 0.0549456403 -0.1140935868 0.0436597317 -0.0461136252 0.0972484052 -0.0789774135 0.0693577304 0.0070110173 0.1272864491 0.0559105277 0.0788939521 0.0536250919 -0.0209549442 0.0199196357 0.1407011300 -0.0892897919 0.0876969621 -0.1284777224 -0.0486754291 -0.0191233940 -0.0031751976 0.0262821447 -0.1061824709 0.0933859572 -0.1169128343 0.1399649531 -0.1166296303 -0.0974530652 0.0852463096 0.0387229957 0.0909626856 0.0919168890 0.0195009429 0.1266064793 -0.1224948242 -0.1472539753 0.0602783337 0.0144693796 0.0353901945 0.1189839095 -0.0766181126 -0.0634557009 -0.0493642166 0.0131515963 0.0760151893 0.1190993339 0.0665538460 -0.0251173843 0.0561879389 0.0181450788 0.1464419365 0.0896691233 -0.0158424675 0.0932944939 0.0899782106 -0.0998376757 -0.0002657450 0.0780661851 -0.0423741899 0.0120072374 -0.0707572475 -0.0759760216 -0.0870669261 0.0025778827 -0.0095774960 -0.1136518419 0.0808652937 0.1205904409 -0.1159439459 -0.1199693084 -0.0165834222 0.0277986433 -0.0616794415 -0.0627373010 0.1124696434 0.0756520629 0.0102919964 0.0837013498 0.1049491838 0.0011943191 0.1124373898 -0.0989850685 0.0967784747 0.0549258776 -0.0394463353 0.0472847559 -0.0061950083 -0.0779343992 0.0749388710 -0.0093270028 -0.0686961859 -0.0884758160 0.0170528200 0.0278614275 0.1085036546 -0.0806988254 -0.1056422517 0.1204889640 -0.1185851023 0.0100972438 0.0536088347 0.0164393559 -0.0810968727 -0.0561493598 0.1012351885 -0.0533890985 -0.0872553363 -0.0755555034 0.0281886905 -0.0344026200 -0.0388391651 0.0000665718 0.1199441627 -0.0051518069 -0.0342997611 -0.1057388335 -0.0989140049 -0.1321965158 -0.0493488461 -0.1245940700 0.0789542496 -0.0918838903 -0.0756545588 0.0749408454 0.0037171897 0.1150729731 -0.1399992555 0.0509513654 0.0662199557 -0.1349493861 -0.0739386007 -0.0042809560 0.1556112915 -0.0352294706 -0.0558607504 0.0396501198 0.0755120963 -0.1303400397 -0.0692790225 0.0497161150 0.0420555845 -0.0823446214 -0.0158221275 0.0189490747 -0.0310329646 -0.0464935973 -0.1059638411 0.1126344129 0.0872365683 0.0094136214 -0.0364013165 0.0233782995 -0.1041873693 0.1324244887 0.0596496277 -0.0718966350 0.0753728077 -0.0151984375 -0.0713686198 0.1183847040 0.1013941988 -0.1408011615 -0.1063272133 0.0222437084 -0.0825891793 -0.1114974767 -0.1085346416 0.0897992626 0.0027471108 -0.1139652431 -0.0410087854 0.0058695883 -0.0423324108 0.0395586193 0.1168889329 0.1365482956 0.1202389225 -0.1164786890 0.0752567723 0.0429198071 -0.0072596660 -0.0031417799 -0.0496306382 -0.1231884882 -0.0896366686 -0.1261572540 0.0915479735 -0.0978305787 -0.0312559716 0.0238972027 -0.0981749222 0.0868477598 -0.1311691105 0.0256288499 -0.0558790416 -0.0328239985 0.0383420214 0.1313224286 -0.0777527317 0.0364500135 0.0814366043 -0.0672559664 0.1267791241 -0.0363944247 0.1010975391 -0.0765171945 0.1292034090 -0.0212535094 -0.0090238992 0.1506740451 0.0897845700 0.0146527635 0.0438968576 0.0363697670 0.1015671715 0.0766739249 0.1134290025 0.0033954373 -0.0957415029 -0.0118365837 0.1071423590 0.0293306001 0.1325237453 0.0088357907 0.0338680856 -0.0210427735 0.1151097193 -0.0415521637 0.0559498221 -0.1181925535 0.1477003843 -0.0785183981 -0.0716383234 -0.0312770717 0.0927566290 -0.0229025017 0.0124259153 -0.0337332636
-0.0865919217 -0.1061124653 -0.0555169024 0.0397121608 0.1029013991 -0.0334721729 0.0838084221 -0.0865129083 0.0493380167 -0.1293497384 0.0858875960 -0.0228916146 0.0915422440 -0.1154388338 0.0170685966 -0.1289881915 -0.0318177529 -0.0358209051 -0.0905280188 0.1010478660 -0.0664602369 -0.0069404063 0.0520838052 -0.1169369295 0.0112827756 -0.1122317389 0.0477193780 0.0642755479 -0.0467990674 -0.0733101815 0.0877684653 0.0041677090 0.0294462610 0.0284740664 0.0107902009 0.0985817164 -0.0318049751 0.0044113593 -0.0354048200 -0.0145978993 0.0800169557 -0.1136589795 0.0406541787 0.1107699051 -0.0731328577 0.0692881569 0.1050926074 0.1174707860 -0.0410550609 -0.0614625216 -0.1201664656 0.0626230761 -0.0238686986 0.1180774793 0.0609697029 -0.0477686822 0.0336837173 -0.1311829686 0.0276432633 0.0904531926 -0.0034595113 -0.0858348906 0.0900754407 -0.0050383285 0.1105414703 -0.0146420198 -0.1091010049 -0.0017200479 0.0987117812 -0.0417963378 -0.1010908931 -0.1319142878 0.0270275865 -0.1442500651 0.0565346554 0.0596518815 -0.0055174427 0.0499190278 0.0982521772 -0.1095794588 0.1155186445 0.0341464989 0.0497230887 0.0955760926 -0.0475214049 0.0009368268 0.0113356281 -0.1409508884 -0.1261495948 -0.0549227372 -0.0767669007 0.0987065732 -0.1176954359 0.0324350595 0.0886098593 0.0939113498 -0.0733815804 -0.0084297070 -0.1194143370 -0.0045242566 -0.0840659440 -0.0472440608 0.1200979054 -0.1221636236 0.1054934338 -0.1332372576 -0.1341224164 0.0450380743 0.0577553995 -0.1192963794 -0.0497559905 -0.0161280818 0.0889468119 0.0932454616 -0.1373138279 0.1248493940 0.0779970512 -0.0517454334 0.0995390639 -0.0189032257 0.1075976864 0.0222594682 0.0091237323 -0.0869882032 -0.0468163863 0.1118656248 -0.0206770785 0.1096797064 0.0414069220 0.1153805107 0.0261224899 -0.0524132885 -0.0307601243 0.1254695654 0.0989437848 -0.1341625452 0.0294970181 0.0737695023 -0.0755007714 0.0423738770 -0.0081545478 0.0716227964 -0.0367520340 -0.0210643765 -0.0504481904 0.0296359602 -0.0256397761 -0.1237385049 0.1080530733 0.1034560427 0.0688107610 0.1470121890 0.0345567130 -0.0424586758 0.1389811337 0.0802899301 0.0198043566 -0.1006574780 -0.0741534680 0.0756277591 0.1392716318 0.0405097716 0.0306219999 0.1189796925 0.0305377059 0.0228126142 0.1252614558 -0.1111006960 0.0452068597 0.0303541310 0.0303713977 0.0461337119 0.0138153471 -0.0880869627 -0.0260426048 -0.0727416873 -0.1058958247 0.0051308335 0.0439467728 0.0353740938 0.1275112480 -0.0037992047 -0.1051938906 -0.0619392246 0.0267737880 -0.0554240793 -0.0225051530 0.0544411168 -0.0980945081 0.0772938579 0.0860477090 0.0120741120 -0.0448975079 0.1335557997 0.1288431585 -0.1173303053 -0.0510131717 -0.0889251828 0.0062636733 0.1305012703 0.0635464191 -0.0600523613 -0.0109610353 0.1210777685 -0.0760595724 -0.0529676639 0.1239465922 0.0575865768 0.0106014535 -0.0009812199 0.1212264448 0.0929165855 -0.0012079480 0.0765524656 -0.0482561216 0.0162461400 0.0069895475 0.1329181492 -0.0537597016 -0.0549007989 -0.1202692240 -0.0328108259 0.1091336533 -0.0611090809 -0.0623637661 0.0234073158 -0.1329645962 -0.1060955673 0.0881788731 -0.0148580950 0.0091894316 -0.1323676705 -0.0459260978 0.0889762938 -0.0347199999 -0.1140626371 0.1282945871 -0.0351828374 0.0955596864 -0.0150923803 0.0330507271 0.0148154423 0.0056817872 -0.1005118713 -0.0712322891 0.1082500666 0.0369478241 -0.0588575266 0.0645267442 -0.0665718913 -0.0612826385 0.0215725414 -0.0136878863 0.1225469559 -0.0550772212 -0.0587229431
0.0031629063 0.0658844858 0.1038540155 -0.0344193876 0.0925478339 0.0205171891 0.0346214026 0.0210787319 -0.0475197583 0.0852213055 0.0955011249 -0.1042869017 0.1191912070 0.0959075764 -0.1193186790 -0.1309314370 0.0663009211 0.0774509534 -0.0026848002 -0.0201991629 0.0016474627 -0.1300684065 0.0129347965 -0.1229844913 -0.0509768352 0.0393399037 0.0866271630 0.0014396114 0.0037058559 0.0614234060 -0.0939553082 0.1140636951 0.0948475152 0.1025270671 -0.0711585879 -0.0330890343 0.0017658852 0.1430582404 -0.0071256468 0.0630488098 -0.0985802412 -0.1320691705 0.0146726025 -0.1033648700 0.1070166379 -0.0937634110 0.0106788445 -0.0391156822 -0.1083809584 0.0264606439 -0.0915750116 0.0909516215 0.0868771598 0.0102181956 -0.0431237258 -0.0684520155 -0.0699352622 -0.0194041729 0.1153758988 0.1324477494 0.0363738872 0.1414903402 0.0130495010 -0.0169729833 0.0656237900 -0.1148710474 0.0697074011 -0.0491458103 -0.0253004096 -0.1443581134 -0.0311751235 0.1269554496 0.1129713655 -0.0585102215 0.0256214682 0.0879023448 0.0711322799 -0.1270116568 0.0202599410 -0.0324827395 -0.0325169079 0.0496196970 -0.0032649827 -0.0731378421 0.1221189424 -0.1191187799 -0.0751748383 0.0381031930 -0.1180983558 -0.0429481566 -0.0156206582 -0.0057291058 -0.0590557829 0.0912100077 -0.0340449885 -0.0638292357 -0.0154989464 -0.0630109683 -0.0631584451 -0.0495399460 -0.1279963851 -0.0328514203 0.1120453179 0.0680055618 -0.1213694215 -0.0844216347 0.1148874536 0.0018623265 0.1355671585 -0.1129972190 0.0359253958 -0.0192181692 0.1271896511 0.0193703286 0.1180184782 -0.1317922324 0.0606573634 0.0149912704 0.0325170457 0.1569719613 0.0862229094 0.0014610108 0.1412625313 0.0759786814 0.0619903542 0.0727970973 -0.0344989747 -0.0946931988 -0.0236311574 0.0880963728 0.1356450766 0.1005078107 0.1143109873 0.0370082594 0.1019035056 -0.1349852532 -0.0507899188 -0.0270571504 -0.1022886857 0.0517186150 0.0349050052 0.0978966951 -0.0352952592 -0.0926145539 0.0120668765 0.1255892813 0.0746368691 0.1447005868 -0.1189899668 -0.0660528243 -0.0704532042 0.0849967077 0.1016146690 0.0067959339 0.0273082200 -0.0817568004 -0.0803777426 -0.0678346381 -0.0979306772 -0.1112319008 -0.0339899585 -0.0658682436 0.0666269213 0.0522109568 -0.0845640004 -0.0566817634 -0.1147049516 -0.1322827637 -0.1127706915 -0.0928683355 -0.1032962054 0.0173467826 0.0971945822 0.0702579021 -0.1271654069 -0.0918571204 0.0251922328 0.0694993809 -0.0465582870 0.0569982156 -0.0775738806 0.1386982501 -0.1243476644 -0.0882407054 0.1337647736 -0.0622144453 -0.0103247911 -0.0994412974 -0.0414740331 -0.0632148907 -0.0920630693 0.1261459142 -0.0573494285 0.0394055285 -0.0906641781 -0.1080988869 -0.1219747290 -0.0264082681 0.0104592768 0.0412427448 0.0742841214 -0.0779589638 0.0966514423 0.1234267727 0.0147542199 -0.0708308741 -0.0458027534 0.0879634991 0.1412980705 0.0204262659 0.0840062052 0.0955133289 0.0767573565 -0.0978627130 -0.0769955665 -0.0169291720 0.0799186453 0.0735147595 -0.1195561290 0.0490804128 -0.0867099911 -0.1110048667 -0.0145149883 -0.1096181870 -0.0835758448 0.0331727006 0.1075480953 0.0126016140 -0.0335398242 0.1441206485 0.1265635639 0.0064410237 -0.1108505875 -0.0236588046 0.0729537383 0.0563798472 -0.0054087224 0.0728081986 -0.0228723064 -0.0357635058 -0.0634281188 0.1109503731 -0.0243133344 -0.0628295466 0.0242075194 -0.0759636536 -0.0793901533 -0.0272835027 -0.0772480145 0.0364860855 0.0728733689 -0.0784778669 -0.0933201909 -0.0950884596 0.1304666549 -0.1251193583
0.1046379507 0.0149366148 0.0721115321 0.0553030856 0.1057883129 0.0759569556 -0.0519126654 -0.0637864918 -0.0825583413 0.0566936918 -0.0342356153 0.0317135900 0.0998339728 -0.0587325580 0.0180428941 0.0760416836 -0.0102839367 0.0527109727 0.0820519179 -0.0538424030 -0.0720334053 -0.0014771760 0.0900055468 -0.0392333828 -0.0925410613 -0.0533925816 0.0183102395 0.1124003828 -0.0166046508 -0.1144435406 0.0176418312 -0.0269850977 -0.1249510571 0.1527192146 -0.0490270779 -0.0696901456 -0.0350261554 0.0069855475 0.0832723379 0.0157072302 -0.1231012940 0.0900240541 -0.0513878949 0.0106955227 0.0093419673 0.1255653799 0.0166432578 0.1158216149 0.0682336614 -0.0055575417 0.1182878539 -0.1462309808 0.0000386212 0.1442758888 -0.0631204844 0.0149217080 0.0722162053 -0.0468209535 -0.0579843111 0.0888426900 0.0949683264 0.0936629847 0.1017063484 -0.0352321044 -0.0697713345 -0.0941087604 0.0534714237 -0.0287387762 0.0520492345 -0.0778481737 0.0871652439 0.0426348113 -0.1149217784 0.1525475234 -0.0071191569 -0.0824765712 -0.0553304590 0.0597594082 0.0914061517 0.0386647210 0.1471841633 -0.0583167858 -0.0157841686 -0.0139624411 0.0820433423 0.0868859515 -0.1168235391 -0.0728399456 -0.1357845515 -0.0217082594 -0.1126029193 -0.0643411800 -0.1217471138 -0.1512260586 -0.0822312757 -0.0558152273 -0.1172355562 -0.0019730760 -0.0467924327 0.1053885296 -0.0178637933 0.1113786325 -0.0177922454 -0.1181342080 0.1019678488 0.0940251574 -0.0807782412 -0.0624797642 -0.0439150818 -0.1178484336 -0.0914214477 0.0949174613 -0.1080144346 0.0472573936 -0.0575403534 -0.0800558329 0.0166291595 0.0401791744 -0.0648597777 0.0334993228 -0.0425608419 0.0697534531 -0.0720055476 0.0970184878 0.0468953401 -0.0688544661 0.0168715343 0.1285711974 -0.0021894877 -0.0175184458 -0.0464415215 -0.1256998181 0.0376450270 -0.0520309694 -0.1048241258 -0.0967496783 -0.0592385456 -0.0131516168 0.0607227720 -0.1115830094 -0.0735543221 0.0483141653 -0.0367127247 0.0004882595 0.0236662906 -0.0063878526 0.1041691527 0.0538753457 -0.1161341742 -0.0949080437 -0.0061397944 -0.0525498278 -0.1126562282 -0.0224315077 0.0964429602 0.0211181324 0.0250260495 0.0149579514 -0.0391396508 0.1223448738 0.0024768356 -0.1468064785 -0.1212412119 0.1182833537 -0.0775248632 0.1211553141 -0.1373935193 0.0928625464 0.0301913600 -0.0958352983 0.1126689464 0.0526398830 -0.0977604836 0.1370039433 -0.1204746589 0.1092855036 -0.0728274062 0.0506462827 0.1372890174 0.1054728404 0.0021184261 0.0175747275 -0.0846337080 0.0813987106 0.0127062583 -0.0321232826 -0.0500960313 0.0990156084 0.0250460356 0.0707526058 0.0783167258 0.0531053729 0.1299657822 0.0217319354 0.0215543192 0.0391416587 0.1066199541 0.1050622687 0.0425813384 0.1092548147 -0.0534751676 0.0771066695 -0.0819814280 -0.0021569778 0.1224089339 0.0669165477 -0.0991816297 -0.1258760840 0.0962037072 -0.1185108721 0.1120398268 0.1026374698 -0.0283463858 -0.0088702021 0.0776130110 -0.1347815692 -0.0449294001 0.1078977361 -0.1085518897 0.1006877199 0.0798565447 0.0347701386 0.0924191847 -0.0583418868 0.1041067243 -0.0685361400 0.0104174558 0.1098730937 -0.0279129185 -0.0514420569 0.0055256798 -0.0268568229 0.0020005244 -0.1313226521 0.0919935703 -0.0195885152 -0.0056759012 0.0497016236 -0.1112822145 0.1284797043 -0.0130219860 -0.0627226084 0.0204814188 -0.0286941063 -0.1131286845 -0.0571623147 0.1263921559 -0.0682226121 -0.0266072936 -0.1183030754 0.0606241748 -0.0846853852 0.0333963148 0.0266339593 0.0156559143 0.0927290916
-0.0661037415 0.0940059721 0.1248752773 -0.0347314775 -0.0270758383 0.1105998755 0.1257475168 -0.1149339452 0.1541714221 -0.0153185343 0.1151556373 -0.0974992663 0.0642676204 0.0002428732 0.0626923218 -0.0744406804 -0.1016106978 -0.0914601833 0.0986530855 -0.1266934425 0.0972789675 -0.0588188767 0.1330350935 0.1260805577 0.0205988660 0.1276788563 0.1260296553 0.1362466216 -0.0160650183 0.0476893112 0.0386262462 -0.1021399871 0.0571517609 0.0420032814 -0.0188054927 0.0569238812 0.0577872731 -0.1092262864 -0.0983455703 -0.1267563254 0.0428905748 0.0863081962 0.0100919008 0.1099706367 0.1070405096 0.1194949076 -0.1128978059 -0.0390468314 0.0030923162 0.1074683443 0.0159430578 -0.0903394669 -0.1174995005 0.0659160092 -0.0166084804 0.0923285410 0.0970789045 -0.1366259605 -0.0249287095 0.0688083097 0.0192974489 0.1164190099 0.1191247925 -0.0436781086 0.1317371130 -0.0039735469 0.0839298218 -0.1064133123 0.0120785311 -0.0988232717 0.0038455701 0.1081333682 -0.1298549622 -0.1190477014 -0.0817979202 0.0621608347 -0.1048921123 0.0563044623 0.0591362938 -0.0216345806 -0.0127321845 0.0588798895 0.0616635382 0.0032410456 -0.0937998369 0.0312416889 -0.0178107619 0.0773805901 0.0493505374 -0.0807422027 -0.1358320564 -0.1049714610 -0.1046421230 -0.1489024013 0.0343420170 0.0603092760 -0.0895297974 -0.0246406794 0.0063420897 -0.1371092200 0.0668675378 0.1497140080 0.0824660584 -0.1363058686 0.0146480771 -0.1029870883 0.0658821389 0.0170989558 -0.0032211852 -0.0227357671 0.0768611357 0.0810146928 0.0775925443 -0.0233870968 -0.1357641965 -0.0017094682 -0.0831365660 -0.0254099686 0.0967122167 -0.1332261115 -0.1180184111 0.0223189741 -0.0651744679 0.0975471735 -0.0054295883 0.0550865084 -0.1062066108 -0.0187079813 0.1024714410 0.1306417286 -0.1119933426 0.0743647888 0.1396007240 -0.0888927951 -0.1165533587 0.0635790080 -0.1050359383 -0.0616871305 -0.0826585367 -0.0169800222 -0.0834476724 0.0584690012 -0.0744546428 -0.0548393130 0.1092605889 0.1217995808 -0.0908530056 0.0734507516 -0.0301603619 0.0197202414 0.1203870177 -0.1088712513 0.0020098994 0.0921376199 0.0131868236 0.0823952109 -0.0597359389 0.0788092017 0.0784200579 -0.1501918137 -0.0827772915 0.0168155804 0.1141770631 0.0137065202 -0.0654459149 0.1071402505 -0.1127609536 0.1149768308 -0.0802647248 0.0215314515 0.1255382001 -0.0423808135 -0.1159852445 0.0010901638 -0.0946706012 0.0230974294 0.0051798946 0.0707909912 -0.0856441334 -0.0820494667 0.1176952198 -0.0727552250 0.1021267623 -0.0872633830 0.0125779463 0.0728730336 0.1288459152 0.0567472130 -0.0648853555 -0.1396908909 -0.0321656354 -0.1036293283 -0.0735163540 -0.0848712623 0.0892059356 0.0070182290 -0.0665466189 0.0688076541 -0.0180080384 -0.1494133174 -0.0276097339 0.0788023248 -0.0862217322 0.0041744239 -0.1033243090 -0.0535058230 -0.0813092962 -0.0970501378 0.0387275256 0.1214324087 -0.0967625305 0.0078006112 0.0703526661 -0.0444527976 0.1205174103 0.0200407226 0.0481793880 -0.0140414033 -0.1053615585 0.0846520215 0.0636313185 -0.1215259507 0.0135100484 -0.1230789199 0.0078298626 -0.1166445389 0.1026954576 -0.1512407660 0.0400945917 -0.0980258882 -0.0137276761 0.0229447074 0.0538019054 -0.0156708807 0.0161500946 -0.1121677011 0.0642784908 0.0869740695 0.1392753571 0.0421321429 -0.1179063618 0.0342717953 -0.0204590969 0.0473549925 0.0032407336 -0.0619174093 0.0996756032 0.0654402003 -0.1243825629 0.1046546698 -0.0635807663 -0.0408592112 -0.0751407370 0.1132365242 0.0124066453 -0.0136024170
-0.0276055075 -0.0734916404 0.0800873339 0.0499490984 -0.1449968517 -0.0558408462 0.0521304980 0.0789062157 -0.0884755477 0.1334179938 0.0696539134 -0.0496569537 0.0894818306 0.0165840760 0.1263587922 -0.0706350580 0.0694476441 0.0763051808 -0.1243566498 0.0780277774 0.1353367716 0.0724017695 -0.0865463316 0.0562641807 -0.1199356839 0.0926288217 -0.1310583502 -0.0823631138 -0.0966293216 -0.0285475496 0.0344631709 -0.0311440229 -0.0124194333 -0.1234292760 -0.0730087534 -0.0889791921 0.1066277549 -0.0141248135 -0.0210146662 -0.0677716583 0.1368343234 0.0269141570 0.0594413839 -0.0917566940 -0.0500863157 0.0197256077 -0.0449991338 -0.0457397290 0.0610827021 0.0933714584 -0.0455433875 -0.1348230839 0.0193308182 0.0075962851 -0.1233374476 0.1099046096 0.0634207428 -0.0109810727 0.0701087117 0.1151089966 0.0097810784 -0.0035924623 0.0365970507 0.1303534061 -0.1395265311 -0.0983682498 0.0712871626 -0.1039715111 0.1206042618 -0.1106880084 -0.1164900288 0.0410225950 0.1132024154 -0.1126019582 -0.1243518516 0.0585499816 0.1184823439 0.0239174180 -0.0220459383 -0.0406547152 -0.0051830816 0.0284426957 -0.0060434472 -0.0288442448 0.0050670574 -0.0237027165 0.0820141137 -0.1009562463 0.1177172735 -0.0284146387 0.0431775153 0.1060316861 0.0067467578 -0.0763585791 0.0727422610 0.0498622879 -0.1032995135 0.0287941247 0.0446745828 0.0099560414 0.0758724287 -0.0639568791 0.0397494808 0.1136268377 -0.0697984397 -0.0418111272 0.1267011166 0.0895705000 0.0642753616 0.0046025007 -0.0666435212 -0.0250787102 0.1214549467 0.1342068315 -0.0841205567 0.1144611612 0.1264387667 -0.0826264843 0.0180404913 -0.0334694609 -0.0776337683 -0.0943827778 0.1268013120 0.0335416086 -0.0639408082 -0.1295488477 -0.0640083253 0.0537415296 0.0328650810 0.0139873195 -0.0332616903 0.0294503532 -0.0145367188 0.0656825602 0.1317189485 0.0589576252 0.1010465398 -0.0315138549 -0.0715530664 -0.0264877845 0.0203935932 -0.0083156861 -0.0275971107 -0.0126708420 0.1089007258 0.0079867924 -0.0310607068 -0.1016672477 -0.0671904162 -0.0122590689 -0.1209202632 0.1245203391 -0.1238023788 0.1350503713 -0.0275513176 0.0480550900 0.1126963273 -0.1466448605 -0.0807681382 0.0658979192 0.0677452311 -0.0292225089 0.0553026274 0.0271955654 -0.1292152852 -0.0060207262 -0.0579177551 -0.0536939912 0.0051641949 0.1452222764 -0.0063424879 -0.0612885877 0.0764313415 -0.1174645498 -0.0463096537 0.0961509123 -0.1032365561 0.0959799066 0.0494019352 0.0086772973 0.0449297316 -0.0136445323 -0.1172492951 -0.0296138972 -0.0277980939 0.0799331218 -0.1165737733 0.0213457681 -0.0748293027 -0.1131760255 -0.0268666651 -0.0420054793 0.0845394358 0.1035898626 0.0289575011 0.0314421281 -0.1157302260 0.0042166682 0.0949743614 -0.0015994413 0.0011743463 -0.0105517609 0.0510909669 0.0785634890 -0.0380519927 -0.0818262398 0.0844256133 -0.0709628463 -0.0317083001 0.1106989235 0.1241974384 0.0714145452 -0.0257802252 0.0218080692 -0.1122645959 -0.0905173197 0.0960026905 -0.0202023368 -0.0899002254 -0.1269807070 0.0252255928 -0.0989851132 0.1210248619 -0.0425717831 0.0414786153 0.0600128807 0.1011952385 -0.1216229051 0.0941306204 -0.0166606009 -0.1016081870 0.1133345440 -0.1321051121 -0.0670884103 0.1067069471 0.0647256076 0.0625606626 -0.0204152688 -0.0816620439 0.0130858896 -0.1004260629 0.0264447480 0.0202996768 0.0868775025 0.0651987866 0.1335608512 0.0284466390 0.0518716387 -0.0964727998 -0.0848217160 -0.0792376176 -0.0078584664 0.0931334347 -0.1102526337 -0.0210000128 0.1075708419
0.0414921641 -0.1426127106 0.0550208092 0.0915990099 0.1096366495 0.0556465909 -0.0997175872 -0.1109543964 -0.0186282750 -0.0672486722 -0.0731535107 0.0081982678 -0.1262680143 0.0218020584 -0.1441073120 0.1008567214 0.0643528849 -0.0697402582 -0.1057658121 0.0891791433 0.0375735834 -0.0006106184 0.0016182965 -0.1142578423 0.1322209686 -0.1359862685 -0.0241710972 -0.0093717529 -0.0795221105 0.1147757769 -0.0940252692 -0.0819411650 -0.0973906070 0.0031416314 -0.0551289245 0.0022247587 -0.0025733809 0.1198453605 0.0149601074 -0.0126272747 -0.1353035569 0.0534872822 -0.0376756825 0.0671759546 -0.1130310670 0.1265010536 0.1278493553 -0.0733304545 0.1120463461 0.0971007645 0.1301373094 0.0774197951 -0.1234518066 0.1064896956 0.0740123987 0.0899055228 0.0840293691 0.1317127049 0.0309888348 0.0004954481 -0.1235395223 -0.0311132781 -0.1424193829 -0.1176639423 -0.0829977840 -0.0465072766 -0.0582725555 -0.0292768124 0.0049828314 -0.0337887630 -0.0996350050 0.0550284907 0.0004270640 0.0596006028 0.1016801223 0.0829206631 0.0192315057 -0.0821029246 0.0031945340 -0.0872420445 -0.0217551589 0.1170466095 -0.0784278065 -0.1094249412 -0.1279155463 0.1216941997 0.0307363663 -0.1002578735 0.0094306227 -0.0900231451 0.0049697477 -0.0452151075 0.0966122001 -0.0227383524 0.0415678620 0.0892542824 -0.0360508598 0.0926322788 0.0357479714 0.0675797313 0.0453378558 -0.0971568376 0.0865473300 0.0952977240 -0.0920528322 0.0180279147 -0.0976457372 -0.0004494902 0.0422513857 0.1393968165 0.0062805586 -0.0901853740 -0.0553496368 -0.0156189911 0.1344426125 0.0674639046 0.0274659842 -0.0702053159 0.1270221472 0.0723239109 -0.1044133529 0.1064206958 0.1226837113 -0.0351764932 -0.0549833067 -0.0068569919 -0.0919897854 -0.0584465228 -0.0845117643 -0.0208859481 0.0112510575 -0.1048207507 0.0554854162 -0.1281448752 0.1229280233 -0.1221251339 -0.1071760282 -0.0038288888 0.1072791144 0.0039368561 -0.0454169847 0.0665368065 -0.0372110978 0.1249588504 0.0225469079 0.0730635002 -0.0926886499 -0.1059641168 0.0122777000 0.0591590628 -0.0023491096 0.0216096155 -0.0023631365 0.0568934865 -0.0748826712 0.1408514529 0.1091061756 0.0028771085 0.0435015671 -0.0603217334 -0.0818020105 0.0498696193 -0.0408627354 -0.1200513020 -0.0586709641 -0.1035829484 -0.0566251799 0.0963951722 0.0189319625 0.0478396825 0.0896284878 0.0801073909 0.1333300024 0.1359922886 -0.0271589085 0.0577791370 -0.0145117436 -0.0345110707 -0.0870359614 -0.0410934128 -0.0112125743 -0.0475689955 -0.1104650646 -0.0308858566 -0.0775973201 0.0908848196 0.1078829393 0.0400800221 -0.0196286626 -0.0978303030 0.0035852189 0.0254863277 0.0108425077 0.0986930132 -0.0528212488 -0.0436047949 -0.0689581260 -0.0509724468 -0.1432580650 -0.0544015169 0.0356079713 0.1260675937 -0.0202180315 0.0341934711 -0.0123617090 0.1112480164 0.1189479008 0.0949884430 -0.0466207303 0.0279376581 -0.0689304247 0.0431965552 0.1278856546 0.0591383725 -0.0754788071 0.0359402448 0.0269514304 0.1230912954 0.0637659505 0.1124888286 0.0339665152 -0.1016549319 0.0071082735 -0.0584840588 0.0129379723 -0.0599492565 0.0813521519 0.0507703647 0.0435096025 0.0450397767 0.1106303185 0.0602864735 -0.1107989699 0.0779969543 -0.0424929373 -0.0897770524 -0.0655749887 -0.0455011874 0.0476437286 0.1156433672 0.0040063499 0.1269335300 0.0749945939 0.0285493061 -0.1190400869 0.0896418020 -0.0149236489 -0.1402080208 0.1085201651 0.0030758011 -0.0132139204 -0.0827990398 0.0534861088 -0.0542661361 -0.0812358409 -0.0986309201
-0.0491742007 0.1131166443 0.0179128330 -0.0758781880 0.0036723570 0.0774958283 0.0156098427 -0.1407171041 0.0087038130 -0.1294124722 -0.0908781663 0.1220382005 -0.0362872034 -0.0777867958 0.1107961982 0.0234114844 0.0428707562 -0.1365471482 -0.0776600689 0.0545089655 -0.0244016629 0.0387162045 -0.1091098934 -0.1193403602 0.0455825329 -0.0961872414 0.0634576455 -0.0200032853 -0.0680869892 0.1130623519 -0.0395902134 -0.0913446918 0.0388502553 -0.0927935541 0.0323489234 0.0135879973 0.1422050595 0.0872795880 0.1175930798 0.0101998299 -0.1306968331 0.1252812296 -0.1123761907 0.0456177443 0.1340271533 0.0156362522 -0.0759437010 0.0810781047 0.0455026627 -0.1245910078 -0.0814376026 -0.0433561020 0.1389418095 0.0960218161 0.0263571646 0.1243708804 0.0029508325 0.1161539257 0.0576634556 -0.0136588132 0.0780680254 0.1293471307 0.0224798620 -0.0537629277 -0.0953084156 0.0708966479 -0.0139819486 0.0244997516 -0.0474733636 0.1369232833 -0.0203616787 0.1102921367 0.1270120591 0.1419498324 0.1215985790 0.1100868881 -0.1002634242 0.0434301496 -0.0059853285 -0.0620126054 0.0385224298 0.0639769509 -0.0908395052 -0.0823575407 -0.0166394804 0.0784828514 -0.1141483486 -0.1187108755 -0.0260575563 -0.0778277144 -0.0793536231 -0.0452135615 -0.0663844049 0.0398687758 -0.0454404913 -0.0608624294 -0.0682290643 -0.1191615015 0.1000917107 0.1021087691 -0.1002965271 -0.0580231249 0.0087362416 -0.0993853509 0.0320233665 -0.0605654567 -0.0321992300 -0.0306891352 0.0654791594 -0.0815038905 0.1227826402 0.0750362352 -0.1073063090 0.0002619782 0.0181882866 -0.0461768582 0.0103979157 -0.1278002262 0.1389241219 -0.0695650652 -0.0808816329 0.0393271968 -0.0048504439 -0.0394725539 -0.0848769397 -0.0916852057 -0.1197401881 -0.0756218135 -0.0858897641 0.0911053047 -0.0781385526 0.0969406217 0.0101602366 -0.0878126398 0.0116246836 0.0162847936 -0.0454341546 -0.0424092636 -0.0799066797 -0.1188177019 0.0762434825 -0.1057951450 0.0603603721 0.0906415284 0.0406490937 0.0466874838 0.0900768265 0.0187719557 -0.0408041552 -0.0731915608 -0.0575400963 0.0832868293 0.0665934607 -0.0891964659 -0.0556553602 -0.0206233934 0.1250402927 -0.0067587565 0.0207077377 -0.1023635119 -0.1080827415 0.1008796915 0.0916161910 -0.0092451703 0.0282922238 -0.1338339150 -0.0968380347 -0.0402543843 -0.1430325657 0.0130666345 0.0801547170 0.0411263369 0.0125030978 0.0334369689 0.0350668579 -0.0375122391 0.1104301289 -0.0348483659 0.0105460528 -0.0008460421 0.0817336664 -0.0091253119 0.0982641727 0.1159182936 -0.0611474104 -0.0294262599 -0.0021210792 -0.1248756200 -0.1140958741 0.0648078769 0.0957814306 -0.1230031922 0.1127087027 0.0797725245 0.0604532659 -0.1221091971 -0.0693502054 0.1084272563 0.0313037112 -0.0921109319 -0.0980697647 0.1180216447 -0.0601217449 0.0565984845 0.1398101449 0.1411335319 -0.0277593210 -0.0538703837 -0.0365107283 0.0238100309 0.0084014516 0.1170143187 -0.0491480567 0.0766311660 -0.0740924701 -0.0280080214 0.0213190950 -0.0323949046 0.1408770531 -0.0590662695 0.0065451860 -0.0509731211 0.0316588730 0.0747850314 -0.0697421953 -0.0705162585 0.0065106046 -0.1097623110 0.0851022080 -0.0545866676 -0.0033666231 0.0043763439 -0.1000701711 -0.1051150337 -0.0000125803 -0.1185774207 -0.1035643965 -0.0600085594 -0.0970797092 0.0242618099 -0.0761123002 0.0889788270 0.0286676567 0.0497028530 0.0622462109 -0.0891135111 0.0945195705 0.0666095614 -0.0102794496 -0.0541603565 0.1041629165 0.0958104059 -0.0458454974 0.1189857721 -0.0258653089 -0.0583342128
0.1001880392 -0.0714737922 0.0600727238 -0.0830301121 0.0321723074 0.1142830029 0.0738092735 0.0724382997 -0.0777249932 -0.0913434699 0.0049243714 0.0140316021 -0.0785520971 0.0560148172 -0.0992064402 -0.0375959985 -0.1257209033 0.1212986559 0.1108031496 -0.1137047037 -0.0245396886 -0.1087884158 0.1456600428 -0.1249638498 0.0679223388 0.0642350167 -0.0024319643 -0.0891440660 -0.1026992425 -0.0425633341 -0.1505461186 0.0588300861 0.1283125132 0.0873112381 0.0834743306 -0.1176895052 -0.1042091399 -0.0396671444 -0.0201772731 0.0416913889 -0.1052646339 0.0023216703 0.0627351254 0.0074718664 0.0000644429 -0.1142316759 0.0820827112 0.1278045326 0.0301223285 -0.1252850443 0.0290350523 0.0038009405 0.1075670496 -0.0744013190 -0.0840157047 -0.0285700858 -0.0631135851 0.1045755744 0.1192097664 0.0012981663 0.0258095600 0.0517668873 -0.0022609462 0.0801907182 0.0884917751 0.1228217483 0.0709715411 0.1253568679 0.0278010406 0.0065472592 -0.0315918438 -0.0459034406 -0.0863477215 -0.0284622200 0.0806744993 0.1118273810 0.1177033707 0.1409358382 -0.0208340660 -0.1081172749 0.0644106418 -0.0180613697 -0.0059734429 0.0445726104 -0.0484019853 0.1247415841 0.0487518534 0.0419580229 -0.0977087989 0.1114452630 0.0153070465 0.1034209579 -0.0308440030 0.0888708904 -0.1041294187 -0.0932940021 0.0627362728 -0.0993759856 0.0041229045 0.0357460305 -0.1278024316 0.0344029702 0.0389043987 0.1103768423 0.1238447055 -0.0243154988 0.1178016365 -0.0224800725 -0.1010761037 -0.0575190745 0.0268811136 0.1334512532 -0.1116759479 -0.0825023502 -0.0074472758 0.0805732608 -0.1264254451 -0.0686115026 -0.0924913213 0.0537961833 -0.1327519715 0.1202162430 -0.0124600455 0.0015449771 -0.1134602875 -0.0525475517 -0.0787065625 -0.0067844405 0.0246273410 0.1135933250 -0.0118075376 0.0631127283 -0.0633747801 0.0658748597 -0.0475478172 0.1131629348 -0.0352928825 -0.0923744813 0.1273650080 0.0049041156 -0.0200565513 0.1447196752 -0.0253732093 -0.0903590396 0.0371713750 -0.1211135834 0.1217068732 0.0331973955 -0.1059725061 -0.0621065870 0.0543674082 -0.0057258457 0.1379950047 -0.0689874962 -0.0036152827 0.0413526446 -0.0645081177 0.0122384857 0.0522447117 0.0810126811 -0.0207109656 -0.0071656476 -0.1196642444 -0.1323945671 -0.0588817932 -0.0990779623 0.0047274092 -0.0698997602 -0.1207263842 0.0786493346 -0.0296382234 0.0253873877 0.1032967642 0.0981747136 -0.0213398580 0.0444973856 0.0739570260 0.1264747977 0.0630100667 0.1357579976 -0.0676644892 0.0033571194 -0.1096408814 0.0003958332 0.0457922108 0.0852315649 -0.1203444451 0.0383705273 -0.1053990945 0.1145223007 0.1123786345 0.0460637771 -0.0478001237 -0.0139822913 0.0630634725 0.0386268087 -0.0625584945 -0.1519267112 0.0392065868 0.0337152630 0.0622142628 0.1375340521 0.0382780321 0.0852827281 0.0844966844 0.0307491664 -0.0360764787 -0.1155109331 0.0610319600 0.0860264450 0.0186952576 0.0146095026 0.0878524333 -0.1236247048 -0.0472544581 -0.0878663883 0.0316760540 0.0907122344 0.0715509653 -0.0858260393 0.1154457331 -0.0597028695 0.0896667466 -0.0531886593 0.0967592821 -0.0388659723 0.0213438608 0.0026279022 -0.0706815794 0.1022955403 0.0197511446 0.1364036947 -0.0119652813 -0.1381126195 0.0630373806 0.0984472930 -0.0104318205 -0.1205373704 -0.1114051566 -0.0889512226 -0.0350881554 -0.1080996022 -0.0728856027 0.0197512321 0.1035087928 -0.0583520196 0.1093500331 -0.0409995914 -0.1137701347 -0.0481647216 -0.1173862219 0.0730385035 0.1276454628 0.0320120864 -0.0974925384 -0.0788697675
0.0413809903 0.0115993414 0.0575423464 -0.0297056846 -0.1278760880 0.0514013655 0.0086609190 0.0220882613 -0.0478881784 0.0528915040 -0.1081713811 0.0765954405 -0.1245447323 -0.1114204824 0.0983595178 0.0161270108 -0.0420456491 -0.1080391705 -0.0212495793 0.0159916487 0.0795854628 -0.0676867142 0.1005889103 0.0700484365 0.0389287956 -0.0792382360 -0.0598501749 0.0503751077 0.0455405340 0.1233797297 0.0483745448 0.0090989275 0.0943562239 0.1247110814 -0.0873569548 -0.1173766330 0.0581438690 -0.1188739166 0.0937147960 -0.1181291193 0.0148561355 0.0565140322 -0.0434159376 0.0686507672 -0.0989338607 -0.1234063655 0.0229176953 -0.0175276082 -0.1386268735 0.0134317791 -0.0379147567 -0.0058516008 -0.0973835364 -0.0350332037 -0.0920954272 0.0162157007 0.0140074594 -0.0894407034 -0.0097315703 0.1233611107 0.0996039659 0.0906500667 -0.0816287696 -0.0780911446 -0.0646499023 0.0953131020 -0.0624555573 -0.0838933960 -0.0344707072 0.0228220597 0.0890057832 0.0110481298 0.0772244558 -0.0377901457 0.0143108638 -0.0852517933 0.0561917014 -0.0442903601 -0.0659896806 -0.0700248256 0.1472051293 -0.0009735203 0.0018118494 -0.0243638791 -0.0774594918 -0.0277573336 -0.0024602648 0.0118399998 0.0117147500 0.0179587528 0.0667515993 -0.1290479302 0.0340123028 0.0152084334 -0.0663267374 -0.0186736509 0.1000362411 0.1169655547 -0.1117121428 0.0693888068 0.0491394885 -0.0182994641 0.0885504037 -0.1150261611 -0.0543395132 -0.0963909179 0.1290399879 0.0577875786 -0.0980648845 -0.0958466902 -0.0736664608 -0.0100961095 -0.0400203057 -0.1055241674 -0.0442747101 0.0843864456 -0.0149820689 -0.0021390554 0.0477487147 -0.0849268585 -0.0384308472 0.0798238963 0.0646241158 -0.0424213000 -0.1228107288 -0.1129786819 0.0667658821 0.1243624091 -0.1075367704 0.0825951919 -0.0664691254 0.0932854190 0.1373568624 0.0177313983 -0.0723543912 -0.0361672081 0.1431639194 -0.1479406208 0.0225782935 -0.0766080990 0.0891048908 -0.1124640927 -0.0615643300 0.1342293173 -0.0263391044 -0.0711792633 0.0492521636 -0.0113934865 0.0990344509 0.1171826944 -0.0497714393 0.0327406749 0.1226571128 0.0357064120 -0.0449471474 0.0822610110 -0.0726936460 0.1058863625 -0.0580949001 0.1384988874 0.0613797382 -0.0100724567 -0.0409502164 0.1165741161 0.0964376926 0.1116528064 -0.1107537299 -0.0934767202 0.1346399337 0.0153102279 -0.0065270732 -0.0186470579 -0.0989938974 -0.0309872217 -0.0255527422 0.0139502212 0.0142638320 -0.0039547277 0.0651962236 -0.0180326104 0.0801430494 -0.0574223772 0.0519993752 -0.0060678283 0.0632471740 0.0048553897 0.0812626034 0.1175287887 -0.0635571182 0.0030101291 -0.0839399323 0.1138234809 -0.0032520059 -0.0814833269 -0.0305559244 -0.0862397999 -0.1269098371 -0.0133319534 -0.1246455535 -0.0943333209 -0.1359477639 0.0227843616 -0.0854488686 -0.1121400446 0.1077691838 0.1321635991 -0.0773214549 -0.1269455701 -0.1219904721 0.1364797503 0.0844573230 -0.0338524133 0.0219882540 -0.0845411047 0.0688338354 0.0948648676 -0.0656385273 0.0847763121 -0.0327361524 -0.1204636097 0.0524219424 -0.0901408568 -0.1115390286 -0.0560340062 -0.0272470750 0.1001384407 -0.0035450663 0.0690771267 -0.1255572885 0.0795475170 -0.0709081069 -0.1106901690 -0.0454993844 0.0704760402 -0.0097419517 0.0892516449 0.0904768482 0.1255827248 0.1282493174 0.0773230791 -0.0712496042 0.0725107491 -0.1286091208 -0.0269541424 0.1024257317 -0.0007069863 0.0088219624 0.0078226775 0.0180871002 0.0689064264 0.0166209619 -0.0937487185 -0.0699916780 0.0385565609 0.1373109668 0.0648822561
-0.0836435333 -0.0726434812 0.0681930259 0.0608872548 0.0855829790 0.0412511490 -0.0198974069 -0.0569114164 0.1152706370 0.1167441979 -0.0340964608 -0.0589001291 -0.0572567582 0.1424244642 0.1187388152 -0.0661615953 0.1266878694 -0.0042089759 0.0757957250 0.1115755364 0.0571653619 0.0799655691 -0.0801245570 0.1285152733 -0.0188714992 -0.0006915203 0.0799449608 -0.0203976911 -0.0568893328 -0.1016277075 -0.0324585848 -0.1255853921 0.0666207373 0.0299065486 -0.0071000354 0.0836653411 -0.0410659462 0.1433860511 -0.0369172618 -0.0028162145 0.0977458134 -0.0472034328 0.0136968894 0.0558453687 -0.0536801629 -0.0737452954 0.0172727052 -0.1174429581 -0.0085584735 0.0246751308 0.0077305660 -0.0004276042 0.0090828305 0.1002973989 0.0241073631 -0.0443616360 0.0653559491 -0.0421060622 0.0748412013 0.1107273996 -0.0169737339 -0.0023684057 -0.0559372343 0.0632962063 -0.0695401803 -0.0039301156 0.0372947603 -0.0800501406 0.0860253125 -0.0705064908 -0.0995048583 0.1332890838 -0.1221833900 0.0334024169 -0.0145724956 -0.0845114738 -0.0943734571 0.0451042429 0.0134454854 -0.0111049963 0.0539720841 0.0519432463 0.1265069991 -0.0751054063 0.1303349286 -0.0664778352 -0.1369495541 -0.1233623773 0.1234297827 0.1057460681 0.0038106879 -0.0194430500 -0.1111525446 -0.0148369931 0.0904722884 -0.0284613054 -0.0228848085 0.1184866577 -0.0844826922 -0.0108070178 -0.1332237422 0.0205390062 0.1028163955 0.0518144965 -0.0555321798 0.1137217879 0.0667730123 0.0967986658 -0.0462997928 -0.0103744930 -0.0913813412 0.1224993393 0.1288679242 -0.0700273663 -0.0107853115 0.1257233918 -0.1080094054 0.0845081508 0.1387050599 -0.0634791926 0.0417784564 -0.0738291964 -0.1056137979 0.0142452847 0.0119547322 0.1273036301 0.1166116446 0.1501408517 0.0817813277 -0.1178220510 0.0993519574 0.0422006883 -0.0029746003 0.0797062814 0.1116041020 -0.1014272645 0.0144796865 0.0104302801 0.1294309646 0.1027216017 -0.0882735103 0.1151739955 0.0465102829 0.0430390649 0.0096592875 -0.0965935364 0.0792977735 0.1253252476 -0.0555537641 0.1092489436 0.0034421829 -0.0572910607 0.0013545078 -0.0855571628 0.0909252316 -0.1166400239 0.1339747906 0.0676246658 -0.1158134639 0.0210292190 0.0300197136 0.0543319955 -0.1279555410 0.0414483994 0.0390158929 0.0887993127 -0.0893964767 0.0804395005 -0.0214837827 0.0494933054 -0.1377697587 0.0557878464 0.0033772851 -0.0133042764 -0.0899409950 -0.1147115901 -0.0991165414 -0.0173829626 -0.1115482152 0.0598344356 0.0019151978 0.0135896727 -0.1079777926 -0.0860744119 -0.0039836196 0.1090703383 -0.0323661342 -0.0797175243 -0.0552666076 0.0558013134 -0.0869002789 0.1061856523 0.0592581034 -0.0986719728 0.0468456708 0.0960380957 -0.1092258841 0.0294153616 -0.0726989135 -0.1017188653 -0.0467950553 -0.0372102186 0.0844064876 -0.1204598621 -0.0291397683 -0.1250172704 -0.0480047688 -0.0417877734 -0.0483146571 -0.0883887261 -0.0553330518 -0.0139802517 -0.0807663947 -0.0214104820 0.0977637395 -0.1003323793 0.1122177467 0.1286924332 0.0217231568 0.0458827168 -0.0066117174 0.0689602867 -0.0958786607 -0.0110025732 0.0955721214 -0.0469740890 -0.0799694061 -0.1347822100 0.0752616823 -0.0017573703 0.0882814527 0.0766343921 0.0072350516 -0.0238087885 -0.0337918848 -0.0710371286 0.0604851469 0.1413682252 -0.1246292815 -0.0513280220 0.0409678444 -0.0049413471 0.0728418455 0.0737580806 -0.1433162540 0.0945702195 0.0083156936 0.0667438880 0.0801600069 -0.0586113408 0.0332856737 0.0806633458 0.1157898307 0.0788944662 -0.0289265458 -0.1168013215
0.0976901576 0.0585737228 0.1236582994 -0.0984314233 0.0692863539 0.0855906531 -0.1240665242 0.0730963573 0.0041019623 -0.0259843059 0.1169045419 -0.0104288850 -0.1191938743 -0.0664344206 0.0391797945 -0.0927295685 0.0758280456 -0.1359173805 0.0332916118 0.0222727656 -0.1075692996 0.0722138137 -0.0095973248 0.1306794584 -0.0237654746 0.0761871040 0.0645506233 0.0382331461 -0.0238635410 0.0471277945 0.0042864229 0.0622756891 0.0462865606 0.0398972705 -0.0858044773 -0.0948343650 0.0018670190 0.1373012960 -0.0923384726 0.0653952733 0.1176043302 -0.1332405955 -0.0437150337 0.1013156176 -0.0939146206 -0.0814559236 0.0086879125 0.1396707743 -0.0270788968 -0.0288366694 0.1145939529 0.0405294932 -0.0035657042 -0.0433989502 0.0916332230 0.0822247416 0.0732168928 0.0180467218 0.0363392793 -0.0518779941 0.0358535200 0.0179517642 0.0228895079 -0.0970354974 0.0908489004 -0.0977587849 0.0419165753 -0.0592899658 -0.1101041883 -0.1086502299 0.0847786963 -0.0129666189 0.0790700242 0.0186356250 -0.1418185085 0.0669644475 -0.1204835996 0.0203253254 -0.0665351227 0.1339216530 -0.0925570056 0.0917052701 -0.0430605449 0.0519324169 0.0033523426 0.0223458000 0.0323194936 -0.0992964804 0.0370646939 -0.0357603878 -0.1189448312 0.1285634190 0.0171063598 -0.0008170803 -0.0562035963 0.0836309567 0.0513183400 0.0461565182 -0.0587721430 0.1119878888 0.0541774370 -0.0499026291 0.0327224471 0.0779650584 -0.0468832850 -0.0569819249 -0.0404499583 0.1070359945 -0.0060010739 0.0399769656 0.0215279181 0.0169227067 -0.0270164050 0.0561518557 -0.0268023368 0.0036656945 -0.0171598196 0.0521817356 -0.1043687537 0.0950615704 -0.0322163180 0.0285051409 -0.0917291716 -0.0252718534 -0.1019352302 -0.0669128895 -0.0278090984 0.0005733548 0.1010762826 -0.0972566754 0.0175324362 -0.0249163415 -0.0400961228 0.0486922450 -0.1319519877 -0.0135636004 -0.1170232967 0.0095556844 -0.0101344455 0.1431859881 0.1372869760 0.1086629331 -0.0209284630 0.0178686120 0.1153989956 -0.0725657940 -0.1304931194 -0.0589146465 -0.0515130199 -0.0468968339 0.1135302931 -0.1161535084 0.0189710706 0.0317380838 -0.0185111836 -0.0705354959 -0.1227890700 0.0126366792 -0.1088711694 -0.0901661664 0.0481157973 -0.0391724445 -0.0501595177 -0.0005233555 0.1241557300 -0.0007196525 0.1190014556 -0.1216723025 0.1000839844 -0.0571998060 0.1099601611 -0.1055272445 0.0884438008 0.0627050474 -0.0827107877 -0.0442551374 -0.0502511747 0.1064959019 -0.1309239268 0.0880470127 0.0052162418 -0.1202372536 -0.0629536659 0.0448744036 0.0161884334 -0.0184329748 -0.1119755805 0.0951414183 0.0695781559 -0.0214326903 -0.0936525837 -0.0716270655 0.0918360576 -0.0488381833 -0.0639924556 -0.0136141386 -0.1121139601 -0.0843019858 0.0582097881 0.0654311776 -0.0132940337 0.0066534574 -0.1059121639 -0.0818482414 0.1115777940 -0.0134792067 0.0385425240 -0.0873226300 0.0473223999 -0.0549941733 0.0356771015 0.0392852016 -0.1225891560 0.0532028750 0.0868668854 0.0884933397 -0.0869802907 -0.0414541736 0.0705716088 -0.0769793615 0.1487130225 -0.0861760825 -0.1183580980 0.0390092880 0.0978884324 -0.0484802164 -0.1073794141 0.1073046103 0.0771485791 -0.0582386479 0.1328684986 0.1111772284 0.1263387054 -0.1074060872 -0.0893161967 0.0985932499 0.1277616620 0.0212185830 -0.1303318590 -0.0579224043 0.0513246208 0.0512488671 -0.1116728857 0.0783939287 -0.1243962124 0.1380429864 0.0839744955 -0.1200872213 0.1049106196 0.0237716977 -0.0573682487 0.0996386036 -0.1135757491 0.0068882583 0.1120304912 -0.1126597822
0.0017969067 -0.0883666649 0.0493415333 0.0515505746 -0.1011560038 -0.1045051962 0.1146971211 -0.0194502193 -0.0741714314 0.0884172991 0.0213982426 -0.1310017556 0.0195846818 0.1198750436 0.0046812329 0.0774893686 -0.0911155194 -0.0651583746 -0.0350575112 0.1143389121 -0.0317603685 0.0769290105 -0.0794711187 -0.0870923698 -0.1241513193 -0.1341894865 -0.1299566925 0.1242308021 -0.0591558740 -0.0253109578 -0.0343970619 0.0749954283 0.0368759185 0.0552412719 0.0815971270 -0.0404982343 -0.1151647046 -0.0514210314 0.1297350079 0.1244255006 -0.1110766977 -0.1151549593 0.1124418974 0.0342092142 0.1287697256 -0.0826282948 0.1320306957 -0.0519712456 0.1056228280 -0.1191133857 0.1206279397 0.0144295534 0.1141930372 -0.0085737547 -0.1327794194 0.0247109383 -0.1045847684 -0.0683370978 -0.0942490101 0.0446880199 0.1008914113 -0.1444437504 -0.0964879766 0.0189117808 -0.0365511104 -0.0441022702 0.0413726270 -0.1482714713 0.0343657956 0.1001166627 0.1252736747 -0.0327595659 0.0039411611 0.0734033063 -0.0094787907 -0.1006019339 -0.1344140321 -0.0961259827 -0.0169017315 0.0320618153 0.0507637188 0.0099839969 -0.0957816616 0.0995726958 -0.1193684563 -0.0142020900 -0.1093832180 0.0220305864 -0.1255957037 0.0581024364 -0.0498880967 0.1166798845 0.0508836992 -0.0741532221 0.0705194250 -0.0115904240 0.0814992264 -0.0418402962 -0.0534823239 -0.0895507932 0.0715556815 0.0145126274 0.1243026108 0.0877030566 0.0056736609 0.0866415799 0.1034324318 0.0763533190 -0.1119419038 0.1159891635 -0.1355540603 0.0195801035 -0.0094045298 0.0729234517 0.0360871144 0.0325920396 -0.0742276013 -0.0814154074 0.0814934596 0.1320091933 0.1113771051 0.1106217280 -0.0858683288 -0.0649154186 0.0558425188 0.0626432970 -0.1286094338 0.0079761548 0.1071803197 0.0492705107 -0.0703903511 -0.0156885982 0.0843054578 -0.0810623989 -0.1345864981 -0.0207249057 0.1337982565 0.0780957341 0.0888115093 0.0762689412 0.0005307531 0.0899629816 -0.0975610688 -0.0621797889 -0.0034394104 0.1110459194 -0.0744974613 -0.0862692222 0.0062687267 0.1309287995 -0.0913552940 -0.0874480307 0.1266715825 0.0933930054 -0.0407010838 -0.1198485270 -0.0903682932 -0.0277605727 0.0917778313 -0.1040650606 0.0574535877 0.1316827387 0.0915781930 0.1075774357 -0.0331956558 0.0920643955 -0.0085675772 0.0522345491 0.0239443704 0.0155803384 0.0280430913 -0.0886290446 -0.1299495250 0.0185515098 -0.0503035448 -0.1307719499 0.0391167551 0.1141612753 0.0513036065 0.0052935276 -0.1296761483 -0.0481433943 -0.0038490989 -0.0612008721 -0.0995991379 0.0751016140 0.0657852143 0.1187738329 0.0151102263 -0.0148945218 -0.0611703284 0.0009792886 -0.1214739308 -0.0849111453 0.0498436466 0.1039663479 0.1300269961 -0.0113554038 -0.0570566393 -0.0434625782 0.1101226285 0.0468225554 -0.1059152037 0.0977465212 -0.0978597254 -0.0885721222 0.0027794242 -0.1256632507 0.1114711761 0.0347673111 0.0478810184 0.1197124645 0.0772587657 0.0440638550 0.0058632577 0.0281500462 0.0971744061 -0.1165568307 0.0286030099 -0.1267569512 0.0278602969 -0.0157670975 -0.1113347635 0.1440390795 0.1211174205 0.0965387896 -0.0009709505 -0.0046289177 -0.0181756094 -0.0157725215 0.0124924146 0.0149405105 -0.0265741032 0.0480864979 -0.1041589975 0.0241064131 0.1143954769 0.1005711704 -0.0165974740 -0.0098985145 0.0406676531 -0.1219715253 0.1180502176 -0.0536841899 0.1198178828 0.1206149459 -0.1081626788 -0.0086033158 -0.0801291466 -0.0393247269 0.0449628495 -0.0923674926 -0.0303881187 -0.0310189500 0.0422652774 0.0977473706
-0.0996910408 -0.1110571772 0.0741820186 -0.0021751099 -0.1013750732 -0.1326596141 -0.0424731076 0.0999024808 0.1256551594 0.0421306528 0.0743577629 -0.1147588491 0.0502701700 -0.0340842530 -0.0566574037 -0.0414511599 0.1105690897 -0.1192111224 -0.0447507612 0.0198653936 -0.0115052387 -0.1159017235 0.1159294695 0.1284551471 -0.0337991156 0.0526317582 0.0214647017 -0.1315617412 0.0948733985 -0.1360237598 -0.1047992334 0.0706441924 0.1217337325 0.1047743633 0.1115235910 -0.0245063528 -0.1301740408 -0.1188401207 0.1313969046 -0.0857618377 -0.0010547063 -0.1153522953 -0.0678131953 -0.0419686139 -0.0881529599 0.0367183127 0.0153407780 0.0083198790 0.1290159523 0.0475039966 -0.1071595177 -0.0462202579 0.0518486984 0.0184886679 0.0988488048 0.0410734341 0.1301328689 -0.0561748520 0.0736878663 -0.1324266046 0.1246680766 -0.1305542588 -0.0452455357 0.0362740122 -0.0224918332 0.1194222942 -0.0933203325 0.0619679242 -0.0536168590 0.0936228186 0.0567337796 0.0352190994 0.1357253939 -0.0156216212 0.0085952859 -0.0907644629 0.0084954100 0.0170642082 0.0719088390 0.0684989393 -0.0801168084 -0.1299953014 -0.0011286488 -0.0076611941 0.0058275713 -0.1184937283 0.0620588139 -0.1437628269 0.1228330880 -0.0259253904 0.1181817204 -0.0238182098 -0.0988599360 0.0709640458 -0.0659728870 -0.0623717159 -0.1166803986 0.1411779672 -0.0088106655 -0.0637933835 -0.0795763507 0.0550528578 0.1003882214 0.0242882296 0.0970165730 0.1269818991 -0.0098231900 -0.0586382672 0.0781774893 -0.0593895316 0.0638131425 -0.0207447447 -0.0712628812 0.0255106594 0.1123622134 0.1176605970 0.1122603640 -0.0814357549 -0.0453891307 -0.0291134249 -0.0559583083 0.1374361515 -0.0305537041 -0.0315868929 0.1419640779 0.0161141194 0.0269403979 -0.0571471974 0.0760075003 0.1403235495 0.0634674728 -0.0649844557 0.1142542958 -0.0822189525 -0.0759286731 0.0817078650 0.1271948218 -0.0765429512 0.0125696147 -0.0556579307 0.0175988656 -0.0421424136 -0.0693375766 -0.1023842543 0.0393154956 0.1232837960 -0.0180410892 0.0813177973 0.0859689638 -0.0515010543 -0.0702041090 -0.0951540545 -0.0369616859 0.0598966517 -0.0271081887 -0.0524771363 -0.1108738333 0.1041012406 0.0572883636 -0.0920138508 -0.0667087957 0.0004035355 0.1223103255 0.0584549829 0.0147252912 0.1065590233 0.0903057232 0.0601556748 -0.0868205205 0.0154732382 0.0033800856 -0.0318908729 -0.0628980994 -0.0829021856 -0.1106694639 0.0323802643 0.0221985653 -0.1164834648 -0.0124231456 0.0758397430 -0.1137077734 0.1497953981 0.1495479047 0.0387487039 0.0007409938 0.1089700758 -0.1169024259 0.0431024916 -0.1088310331 -0.0145665137 0.0476964749 0.1086088195 -0.0598358214 -0.0509641059 -0.0351555273 0.1402116120 -0.0902824178 -0.0617613345 0.0741175637 0.0478538610 0.1090845838 -0.0936341658 -0.1324590743 0.0347968265 -0.1174114943 0.1308644861 0.0713014454 -0.0829652548 -0.0610887334 -0.0722584873 0.0847564042 0.0516429767 -0.1198571697 0.0615942515 -0.0201677177 -0.0569741242 0.0465188585 -0.0042814659 -0.0100899264 -0.0792665333 0.0377376787 -0.0402588658 -0.0793876871 -0.0505685322 -0.0090409266 0.0213958398 -0.1082309186 0.1197710857 -0.0209824890 -0.0994153321 -0.0447139889 0.0806906447 -0.1178353801 0.0499262288 0.0929987282 0.1180471331 -0.0543118119 0.0260999706 -0.0008848729 0.1272241175 -0.0508645438 0.0651266500 -0.1142157093 0.1340774596 0.0983452871 0.1037979499 -0.1190285981 0.0401467159 -0.0850168392 0.0118989972 -0.1155801043 0.0105775427 -0.0210696030 -0.0853641704 0.1119912192 0.1257739067
0.0208429154 0.0355777591 0.0952834561 0.0809913501 0.0778650716 0.0084393816 -0.0985799059 0.0278847292 -0.1045115292 0.1340104342 0.0445460528 0.0725893676 -0.1249144599 -0.0699231401 -0.0339810215 0.1276403219 -0.0464701615 -0.0783844963 0.0220803022 0.0958668217 -0.0737479031 -0.1342631429 0.0733875111 0.0435245931 0.1302734911 0.1216049865 0.1263990402 0.1011132821 0.1171500683 -0.0366175026 0.0342563540 0.1012543216 -0.0394961946 -0.0914482698 -0.1286878288 -0.0054558353 0.0024559482 -0.0682874322 -0.1055491865 -0.0311607383 0.0047848034 0.0904989466 -0.0151396012 -0.0127481213 0.0230525080 -0.1041411310 0.1000549495 -0.0432136171 0.0165022947 -0.0516104996 -0.0275602080 -0.1275572628 0.1007384583 0.0169726554 -0.1151342094 -0.0453750156 0.0463936143 0.1144078448 -0.1071404368 -0.1002520919 0.0594867431 0.1192784905 0.0213391297 -0.0460330620 -0.0999978930 -0.1187464148 -0.1192720458 -0.0670516640 0.1216060147 -0.0085874144 -0.0446127430 -0.0518877022 -0.0875740573 -0.0387874544 0.1003887504 -0.0360507593 0.1390765905 0.0991253108 0.0466825627 0.0038021868 0.0094404742 0.1373792291 0.0244451482 -0.0548817180 -0.1258059889 -0.0444152355 -0.1188999191 -0.1020588800 0.1450282931 0.1017384380 -0.0235930495 -0.0731827468 0.0457068309 -0.0428023562 0.0089110481 -0.0388678201 -0.0110874083 0.0421761796 0.0067054839 -0.1337798387 0.0700726956 -0.0430383757 -0.0014802648 0.0666080415 0.1136622280 0.1272059381 0.1076723859 0.0740589127 -0.0431808494 0.0504862070 0.0654943809 0.1142988503 0.0809338689 -0.0989984497 -0.0636328384 -0.0048823068 -0.1326821595 -0.1317688823 0.0409809649 -0.0859870985 -0.0218431540 -0.0812614635 -0.0424051397 -0.1250327826 -0.0654160678 -0.0529966988 0.0864807814 0.0559652783 -0.0600294992 0.0863258615 -0.0375790410 0.0729541704 -0.0354967825 0.1013965532 0.0364324935 -0.1100479811 -0.1308958232 -0.1251282394 -0.1210814267 -0.0232753344 -0.1070346236 0.1079358980 0.0836843029 0.0913945585 -0.0062541380 -0.0761760548 -0.1440970302 -0.1431965083 -0.1153905168 -0.0346660838 -0.0440333337 0.0441765860 0.1072872803 0.0887391195 0.0030634552 -0.0251953639 0.1031884477 0.1273192912 -0.0388760529 -0.1081919149 -0.0243297070 -0.0251699090 -0.1429655254 0.0542340130 -0.0672639608 0.0860084891 -0.0201781970 -0.0295902174 -0.0679726228 0.0590678789 0.0121598970 0.0625899211 0.0791416988 0.1068803594 -0.1131822243 -0.1043761894 0.0555851944 0.0899969935 -0.1145415008 0.1416581273 -0.0298398007 -0.0058868411 0.0899149254 -0.0478714220 -0.0763071477 -0.1337248087 -0.0425433479 0.0266229156 0.0789886415 -0.0592426993 0.0598292314 0.1112414673 0.0350812562 0.0600616224 0.0264589395 0.0560870431 -0.1198780090 -0.0241511874 -0.0187092498 -0.0688683018 -0.0847775191 0.0260431077 0.0841433480 0.0719747767 -0.0172852241 0.0613192283 -0.0047947527 0.0838354379 0.0402381681 0.0952764675 0.0197595935 -0.1468455195 0.0088529158 -0.0894081965 -0.0276363585 -0.0618240945 -0.0102436645 -0.0466663130 0.0818604454 0.0405882746 -0.0361872092 0.0123266131 0.0005706967 -0.0007828719 0.1423052847 -0.0864772797 0.0831843689 0.0189316366 -0.0334545225 -0.0307422802 -0.0562296622 0.0024996812 -0.0388603732 0.1184716746 -0.0819585845 0.1002912745 -0.1188042983 0.1176798195 -0.1189360544 -0.0981307179 0.0608237088 -0.0943063349 0.1402926743 0.0501169600 -0.0825528055 0.1333308816 -0.0611990243 -0.0574532971 0.0133114532 0.1062465906 0.0479215346 0.0855567455 0.0201435592 -0.0878523737 0.0947387964 -0.0426793844
0.1229609624 0.0763248578 0.0140979365 0.1203045174 0.1403473914 -0.1365882009 -0.1082482263 0.0079013435 0.0803148746 0.0914777741 -0.1264657080 -0.1103107110 0.1460331678 0.0992757455 0.1194502413 -0.0242299084 0.0246028658 0.0535053723 0.1396601647 -0.0024362986 -0.1126610190 0.0219981372 0.0343638845 0.1298888475 0.1273059845 -0.0126672871 0.1349198073 0.0398742259 -0.0841603056 -0.0096932258 -0.0548932143 0.0378152914 -0.0161950495 -0.0258019585 -0.0222837366 -0.0686445832 -0.1364939660 -0.0691884682 0.0194429103 -0.1173959672 -0.0663948432 -0.0477895178 -0.0122635551 0.1277871579 0.0181493480 0.1012046859 0.1046529785 -0.0650451928 -0.1038761064 -0.0826114640 -0.0484470576 0.0677735209 -0.0892275274 -0.0462977551 -0.0806812942 0.0560097173 -0.0216073897 -0.1270765364 -0.0829358399 0.0921735838 0.0599246174 -0.1328123510 0.0967749283 0.0717358589 0.0946746394 0.0979580283 0.0923360810 -0.0925350115 0.0751925185 0.0920393243 -0.0237779357 0.1181925759 -0.0190553796 0.1063314155 -0.0325758047 -0.1240148693 -0.1080995426 -0.1042103097 -0.1023363844 0.1072090268 0.0717870668 -0.1319050640 -0.0489490889 -0.0959995836 -0.1285068393 -0.0246665794 0.0272273831 0.0090959836 0.1027341858 -0.0888522118 -0.0557868518 0.0678841919 0.1199278161 0.0344614424 -0.0381635912 -0.1009912565 -0.0602662861 0.0044224202 -0.0023795485 0.0318538211 0.0458080955 -0.0976602659 -0.0521355681 0.0270641409 0.1057418361 -0.0330822393 0.0153524652 0.0029684782 0.0379524417 0.1495212466 -0.0003695645 0.1414170861 0.0723458901 0.1282035112 -0.0688349232 0.0406460539 -0.0843250528 0.0215224922 0.1190060154 0.1015432402 0.0999389812 -0.0915475488 -0.1333451867 0.0498784520 0.0048490469 0.0469107032 -0.0740542635 0.1431901008 0.0339299515 -0.0299688708 -0.1106104851 0.1385077834 0.0182696488 -0.1118878126 -0.0279644355 -0.0155690862 0.1335570514 0.0083017601 0.1208080649 0.0248588864 -0.1145841479 -0.0460588075 -0.0081220958 0.0874409974 -0.0939290375 -0.0680337176 -0.0158064272 0.1122680902 -0.0307890940 0.0857215747 -0.0088408170 -0.0489774533 -0.0714407712 0.1413333714 0.0366900750 0.0711885840 0.0031249737 0.0829915851 -0.0297028180 -0.0650942996 -0.0659547001 -0.0579279996 0.0573986471 0.1098518148 -0.0173092391 -0.1191254333 -0.1376054436 -0.0923427120 0.0072485800 -0.0466581509 -0.0215759259 -0.0302085765 -0.0292627215 0.1372205019 -0.0251319427 -0.0595569089 0.0785746276 0.1114476547 0.0171213374 -0.1088702679 -0.0397397317 -0.1063980907 -0.0776345283 0.0302014351 0.0439041741 -0.0634656176 0.1135260388 -0.1002021357 -0.1444796622 0.1061060727 -0.0327462628 -0.0339274555 0.0857389569 0.0191083625 -0.0549051054 0.0382583253 -0.0090315668 0.0806436613 0.1087527052 -0.0249568298 0.0630706102 -0.0403997712 -0.0998185575 0.1097360402 0.0695591047 -0.0430251956 0.0919187889 -0.0721179843 0.0212686807 0.0916469842 0.1152944118 0.0266791172 -0.0818949118 0.0688177049 0.0405466110 0.0474707223 -0.1361933202 0.0535365045 0.0145082325 -0.1230899096 0.0150618032 -0.0634040236 0.0854837373 -0.0522181615 -0.0651334599 0.1209972650 0.0181563105 0.0083470857 0.0394752771 -0.1169956401 0.0583343469 -0.0132065257 0.0693008527 0.0417814106 0.0719865710 0.0166260675 0.0889865533 0.0403520614 0.0782863870 0.0406155549 0.0879298449 -0.1131621897 -0.0818178505 0.0314774550 -0.0141657572 -0.0437841862 -0.0178813953 -0.1023451537 0.1195099279 0.0987024233 -0.0863194689 -0.0991515517 0.0788953155 0.0023798693 -0.0456820279 -0.1012668908
0.0686741993 -0.0122631658 -0.0176545586 0.0550637320 -0.0665346533 0.1108926013 0.0911554769 0.0650364757 0.0309261847 -0.0114764059 0.0860020220 -0.0983933806 0.0298155751 -0.0743533447 0.0749909431 0.1324727684 -0.0782010034 0.0911016390 0.0347238928 0.0189315546 -0.0009684529 0.0924945623 0.1196624488 0.0081882877 -0.0482810475 -0.0127663044 0.1189942658 0.0023663768 0.0137055479 -0.0291316174 -0.0584467538 -0.1022793278 0.0474656373 -0.0160895698 -0.0848034918 -0.1195306256 0.1352265626 -0.1158422455 -0.0419668928 0.0879193768 -0.0680215135 -0.0112076513 0.1265843511 -0.0643911287 -0.0159274973 0.0974742025 0.1010600105 -0.0933230072 -0.0030324343 -0.0184543710 -0.0015976653 0.0826252326 -0.1054672226 -0.0074788332 0.1190738380 -0.0743034631 0.0007594120 -0.0992274731 -0.0084072938 0.1023819596 0.0987688303 0.0535890944 -0.0292099454 -0.0079530282 0.0786622763 0.0431309119 -0.0260495432 0.0060600992 -0.0215704478 0.1253681332 0.0425593369 -0.0775881335 -0.0283454396 0.0311888810 -0.0764970928 -0.0666630119 -0.0472558178 -0.1069788709 -0.0569745041 0.0049210349 0.0944758356 -0.0183938555 -0.0362284295 -0.0778371170 -0.1132879481 0.1158764809 -0.0480490811 0.0203754157 0.0616857745 0.0254688635 -0.0926384479 0.0101415636 0.0458289906 0.0388680398 0.0306735057 0.1286187023 -0.0054753986 -0.1331197917 0.0097017521 -0.0683662221 0.0635060892 0.1353911459 -0.0502034165 -0.0163237974 -0.0092668105 -0.0682679862 0.0043887803 0.0192875005 0.0525006056 -0.0367274545 0.0867668614 0.0248876642 -0.0490121245 -0.1219715476 -0.0109144077 0.0663672462 -0.1416670084 0.0058372365 -0.0884350240 0.0257112943 -0.0781985074 0.0940785035 0.1328046024 -0.1056683734 0.1263168603 0.0304486081 0.1276263595 0.1054915115 0.1354726106 0.0711008459 -0.0343693197 0.1051045805 -0.0141546549 0.0711820647 0.1049523652 0.0067053074 -0.0382560827 -0.0102253500 0.1449516416 -0.1110523790 0.0435188636 0.1293146759 -0.0502450652 0.1018614992 0.0516514778 -0.0459770076 0.0679576099 -0.0843549818 -0.0305181332 -0.0770449415 -0.1213581264 0.0001827773 0.0908636972 -0.0034280075 0.1103456765 0.1285600066 0.1259138882 0.0960637629 -0.0498213060 -0.1290407926 0.1230186149 0.0315176472 -0.1456471384 0.0006951019 -0.0997752473 -0.1179970652 0.1416508853 -0.1227412745 -0.0119472351 0.1268939227 -0.1116317287 -0.0173116736 0.0480632372 -0.0424702652 -0.0878332853 -0.0289926808 0.0599957071 0.0258431397 -0.1341522634 -0.0000699440 -0.0328572616 -0.0326903909 -0.1105170920 0.1404448897 -0.0067169429 -0.0002793951 0.0907094479 0.0524259992 -0.0789966732 0.0192584749 0.0227950998 -0.0352318808 -0.1025586277 -0.0109392786 0.0222968254 0.0628049970 -0.1423274726 0.0749013349 -0.0268395059 -0.0250844508 -0.0154107176 -0.0755623952 -0.0390371569 -0.0284385514 0.1186805889 0.0053216033 -0.1013849601 0.0525656231 0.1229454428 0.0193678550 -0.0302949343 -0.0642464459 0.0210751444 -0.0839945972 0.0319704488 -0.1127079800 -0.0874161869 -0.1310358793 0.0334549695 -0.1222826391 0.0926199108 0.0806064904 -0.0782971382 0.0644366220 -0.0279827137 -0.1361463070 0.0139783779 0.0343787111 -0.0773397684 -0.0066472935 0.0210234039 -0.0070018098 -0.0215578992 0.0430752560 -0.0710013062 0.0922599733 0.0537762791 -0.0631306246 0.0045813345 -0.0192800257 -0.0171260778 0.0529337041 0.0678924248 0.1265871972 -0.1318762898 -0.0377653688 -0.0149544757 0.0069204723 0.0393141955 0.0142203271 -0.0596114397 0.1115320027 -0.1189371049 0.1099252477 -0.1213620007 -0.0669330284
0.0285155103 -0.1117013693 0.0092013963 -0.0312151350 -0.0216574091 -0.0882229209 -0.0413992032 -0.0339079127 -0.0393731967 0.0844463632 0.1234183237 -0.0013645720 0.0539611019 0.0969171897 0.0274981949 -0.0182738397 0.0844934806 -0.1357703358 0.0324754417 0.0531863943 -0.1320189685 0.0750019923 0.0283895787 -0.0955780596 -0.0481444262 0.0134199420 -0.0869633853 -0.0695959032 -0.0012282230 -0.0280597880 0.1346643418 -0.0252026711 -0.1297403276 0.1163052097 -0.1139415801 0.0026340957 0.0626150519 0.0056353388 -0.1122811660 0.1117879823 -0.0549299866 0.0421862304 0.0134555399 -0.1439357251 -0.0823473185 -0.0112007232 -0.0322330184 -0.0907069594 0.0015756252 0.0097048972 -0.1312845349 0.0542471185 -0.0016405768 -0.0811390951 -0.0171767529 0.0647379830 -0.0850645527 0.0727860034 0.1449225843 0.0187542029 0.1131067351 0.0607073084 -0.1100157946 -0.0060238126 0.1044647992 0.0308884829 -0.0619350858 -0.1161735430 0.0267782155 0.0269911550 0.1355425417 -0.0315572023 0.1210136265 0.0625280589 0.0444837660 -0.0230600052 -0.0221610311 -0.0767717659 -0.0553482883 -0.0661303103 -0.1151814163 -0.0062449854 -0.0070499517 0.0826015845 -0.0171928871 0.1408698708 0.1395173371 -0.1465005130 -0.0975410491 0.0216852147 -0.0819418207 -0.0325744413 -0.1034752056 -0.1260872781 0.0870388448 0.1347488314 0.1143483669 0.0158406049 -0.0331787728 0.1034332067 -0.0564155877 0.0090188002 -0.1285060346 -0.1242527589 0.0212353580 -0.1321119517 -0.0438795760 0.0053851511 -0.0302952919 0.0804684386 -0.0987275392 -0.0045817015 0.0967146084 -0.0860269591 0.0678653643 -0.1018087417 -0.1292331815 0.1099574715 -0.0004540635 0.1301275343 -0.0260183513 0.0227125157 -0.0353404954 -0.0369361304 -0.0289717242 0.0909561142 0.0952752903 0.1110305786 -0.0527372062 0.1015354544 -0.0286776032 -0.1142971516 0.0612881035 -0.1183056235 0.0513982400 0.0888996497 0.0589388348 0.1016162708 -0.0825437233 0.0757587850 -0.1019447073 0.0290507544 0.0970990658 0.0103716739 0.0228067618 0.0306774918 0.0981341600 0.0261736400 -0.0478454158 0.0470163301 0.0567656606 -0.0628997386 -0.0779996067 0.0368896239 -0.0106236357 0.0533377603 0.1399315894 -0.0936786830 0.0086808987 0.1159045026 -0.1012888104 -0.0660799369 -0.0850477740 0.1010820195 0.0788526535 -0.0836170688 0.0589920431 -0.0606757700 -0.1277560443 -0.1210193709 0.0647675917 -0.0239087939 0.0119016739 -0.0144663267 0.1279222518 -0.0054464131 -0.0324004106 -0.0193261188 -0.1109356582 0.1102068946 -0.0707802027 0.0542792529 -0.0908013359 0.0962809324 -0.0263828225 0.0064526303 0.0817483962 -0.0144824935 0.0293282308 -0.0989312306 -0.0579417534 0.0061401222 0.0177883245 -0.0234382227 -0.0354406834 -0.0376648828 -0.0351517946 0.0099252220 0.0172670782 -0.0699528679 -0.0734800324 -0.0718307048 -0.0691013485 0.1137677580 0.0024997471 -0.0211753640 -0.0855267122 -0.0840256438 0.0194026213 0.0878827870 -0.1001473814 0.0364786536 -0.1019785404 -0.0491914451 0.0921908543 0.0510365032 -0.0522761606 -0.0559609458 0.1085664779 0.0341574326 -0.0130262403 0.0421012193 0.0595761724 -0.0768218860 -0.0835888833 0.0662255138 -0.0817140639 -0.0738125965 -0.0885527804 0.0940268859 -0.0672998428 0.1401578933 -0.0794212669 0.0091211274 -0.0996657088 -0.0013999986 -0.1315005124 0.1005970612 -0.0718521327 0.1281540692 -0.1420800239 0.0970423594 -0.0205115210 0.0227971356 -0.0027222007 -0.0596873276 0.0438283123 0.0551066101 0.1155621186 0.0002789010 -0.0746043250 0.1010156572 -0.0818907022 -0.0065654777 0.0705286562 -0.0302973911
0.0472045019 0.0751875043 0.0198110007 -0.0762190148 0.0951145887 -0.0419516489 0.1205728427 0.1240085736 0.0730475560 -0.0737166107 -0.1306115985 0.0667431056 -0.1233855635 0.0311654694 0.0309069660 -0.0333226994 0.0647835359 -0.0853197128 0.0112503404 -0.0618088543 -0.0402115025 -0.0563415214 0.0606487915 0.0381846353 0.1179349646 0.0303283576 -0.0316119678 0.0382558107 -0.0150633967 -0.0251513217 -0.0512497164 -0.0790266320 -0.0972311720 0.1201454252 -0.0104140984 0.1349754930 -0.0901147723 -0.0766841993 0.1394664645 0.0590117946 -0.0147832502 -0.0061621112 0.0441544987 0.1213134974 0.1454153657 -0.0388973877 0.0421648882 0.0816617757 0.0079254070 0.0344351567 -0.1251043230 -0.0325239338 -0.0795992091 0.0620876923 0.0210698899 0.0779396370 0.0594638437 -0.1060918272 0.0820903927 -0.1006093323 -0.0299935900 -0.0496655852 -0.1174750552 -0.1144960076 0.0850635767 0.0223228708 -0.0609177947 0.1195267290 -0.1349841356 -0.0310849175 -0.0928508863 -0.0904171839 0.0179076418 -0.0341744907 0.1013043299 0.0483481027 0.0604279973 -0.0124864811 0.1266341954 -0.0211154465 0.1113760844 -0.0978473797 -0.0450379811 -0.0303364769 -0.0820086822 -0.0618811995 0.0428667068 0.0037499284 -0.0889186338 -0.0215082280 -0.1290354878 0.0748840272 0.0773002878 0.0686359331 0.0825328454 0.0275729876 -0.0228827968 -0.0419765003 0.1232364327 0.1300426424 0.0032046102 0.0565424412 0.0744451657 -0.0472018458 0.1296398640 -0.0118893087 -0.0023497045 0.1385919601 -0.0724113733 -0.1255385727 -0.0955645517 0.1017284244 -0.0864273533 0.1278384477 -0.1210051328 0.1249129251 0.1084347740 0.0583343990 -0.0411522090 -0.0058935708 0.1396754682 0.0460514724 0.0128331436 -0.0656442046 0.1065181717 -0.0376961641 0.0828969032 0.0437458828 0.0020992334 0.0501483753 0.0389852375 0.0994916707 -0.0389170162 0.0121877724 0.0143187726 -0.0705138668 -0.0212155301 0.0851640627 -0.0718964338 -0.0180899110 0.0372151323 -0.1114078760 0.1149256155 -0.0659134760 -0.0356338061 0.0160456691 -0.0126716718 -0.0840161145 -0.0214833003 -0.0536340922 0.0082238987 -0.0886844546 -0.0431346372 0.0745066255 -0.1210663170 0.1315629929 0.0929565653 0.0386206470 -0.1203629971 0.1318031698 0.0119449170 -0.0212452393 -0.0230735149 0.0500114225 0.0145208640 -0.0259340107 -0.0348464921 -0.0821525156 0.0878308564 -0.0601851381 -0.0474961437 -0.0905048698 0.0455126427 0.0222777668 -0.0159230363 -0.0534699634 -0.0360332951 -0.0386513919 -0.0927713737 0.0617919229 0.0444507897 0.1018892974 0.0101318602 -0.0767640918 -0.1220575944 -0.1109950468 -0.0159449987 -0.0373075046 0.0206077378 0.0696972460 0.0739127323 0.0529489554 0.0923108235 -0.1263883710 -0.0698780864 0.1009014994 0.1057368517 0.0760927200 -0.1204556003 -0.0674844906 -0.0696527138 0.1130878255 0.0099570751 0.1192571670 -0.0029333853 0.0883352906 -0.0187531654 0.0298342239 -0.0946217477 0.0269793328 0.0420006253 0.0259451400 -0.0459039174 0.0625512004 0.0681875125 0.1276905835 0.0303957146 0.0548368618 -0.0923411474 0.0793855339 0.0301209986 0.1212287918 -0.0669367313 0.0779064819 0.0773649588 0.0575430430 0.0432725474 0.0850978047 -0.1057064459 0.0170149151 -0.0698808432 -0.1008307040 -0.0560698286 0.1055305600 -0.0854429305 -0.0567437857 -0.1227601394 -0.0463585034 0.0518217236 0.1197503805 -0.0406393073 -0.0622866638 0.0612250939 -0.0185948685 -0.0352417044 -0.1010025665 -0.0110057415 -0.1024534255 0.0301989838 -0.1101906747 -0.0674582124 -0.0733246207 -0.0394585244 -0.1006990373 0.0204670690 0.0135947354
-0.0506909676 0.0494030006 -0.1057615429 0.0132303862 -0.0379981585 -0.0779137313 -0.1432345659 0.1029878184 -0.0762455836 0.0838457346 -0.0160925332 -0.1417539120 0.0616982654 0.0898188576 -0.1326536238 0.0363527164 0.0974093303 -0.0830729231 0.0065776259 0.0851665661 0.0720113069 -0.0962749422 0.0413326770 -0.0438150987 -0.0135066453 0.1080072299 -0.1486770958 -0.0952006057 -0.1341554224 0.0414246432 0.0144429095 -0.0462788083 0.0568694472 -0.1073698848 0.0919784531 -0.0248681083 0.1033792719 -0.1362400502 -0.0058172257 0.1330585480 0.1004717723 -0.1327607930 -0.0970760882 -0.0654219165 0.0592471361 -0.0653769746 0.0480426252 -0.0264390316 -0.1402597129 0.0253802221 0.0750215948 -0.0983493850 -0.1257693172 0.0514031649 0.1312528402 -0.0333624743 -0.0568792894 -0.0821886137 -0.1055090874 -0.0559887886 -0.0093118967 0.1177698746 0.0450102948 -0.1014067978 -0.0935598835 -0.0666074827 -0.0857245624 -0.0778856948 0.0880799741 0.0002676210 -0.0845766068 -0.1037930772 0.0834620669 0.1263941675 0.0104289996 -0.0724402145 0.0498798527 0.0182552319 -0.1133121997 0.0319837779 0.0484673306 -0.1406834722 -0.0905113369 -0.0893790349 -0.0837171376 0.0485001281 0.1109397039 0.1398034096 0.0840960070 -0.1511513740 -0.0162280165 0.0190903898 0.0081668859 0.0888519809 0.0949186236 -0.0672705173 -0.0086441869 0.0758227184 0.0509152003 0.1117865741 -0.1413942873 -0.1115242615 0.0810749158 -0.1007388011 0.1455550194 -0.0597280413 -0.0688778609 0.1598968357 -0.0546054877 -0.1016825438 0.0200605039 0.0007262347 0.1372358799 0.0396679752 -0.0360186435 0.0291633997 0.0212823302 -0.0713080019 -0.0384175442 0.0270948242 -0.0663677305 0.1242823377 0.0966385826 0.0966578871 0.1094227210 0.1131037101 0.0594850220 -0.0332143568 0.0142797614 -0.1024658605 -0.0408030823 0.0967844129 0.0901873112 -0.0937432051 0.0496304743 -0.0872329250 -0.0684601814 -0.0301234946 -0.1003302857 -0.1206969321 -0.0158521067 -0.0337594822 0.0903183222 -0.0225162227 0.1482816935 0.0977105722 0.1102474183 0.0244224649 -0.0999955162 0.0466626734 -0.0070748143 -0.0664314032 -0.0696050599 -0.1229593903 0.0436693579 0.1237741783 0.0734474808 0.0845743790 -0.0081852889 0.0120372744 -0.1045804843 0.0441272780 -0.0705243796 0.0511701666 0.0184652656 0.0870908797 0.0437731110 0.0664069578 0.0457779393 -0.1173880920 -0.0498360507 -0.0470632277 -0.1131074131 -0.0855622739 0.0200400241 0.1249075010 -0.1067374125 -0.0569697544 -0.0404568464 0.0922752619 -0.1217466518 -0.0747101605 -0.0830451623 0.1431787014 -0.0554536395 0.0495382622 0.1333865076 -0.0679885596 0.1478645205 0.0168011971 -0.0191616938 -0.0169644095 0.0867481008 0.0516682267 -0.0036884937 0.1039546803 0.0614869557 0.0516971312 0.1092349812 -0.0669175610 -0.0824713856 0.1493268162 0.0928493887 0.1224676594 0.0761526972 -0.1395318806 0.0686659366 -0.1073057875 0.0697485059 0.0333905108 0.1230753213 -0.0656380579 -0.0755822882 0.0898053125 0.0951345488 0.0604069829 0.1000327170 -0.1237032488 0.0774649605 -0.0920734704 -0.0122170504 0.0917770937 -0.1419577599 0.0292454641 0.1364711225 0.0287005231 -0.0126112513 0.0824651644 0.0970276892 0.0843624473 -0.0566980131 0.0367514081 -0.1314149648 0.0045481729 -0.1157431230 -0.0761067420 0.0981440321 0.1563779414 0.0036765211 -0.0259451903 -0.1455606520 0.1438685209 0.0621668436 -0.0436198264 0.0865145251 0.0930673927 0.0361531042 0.1185939535 -0.0416510999 -0.1583046615 0.0065207668 0.0991056785 0.0876579732 -0.0455359258 0.1250683963 -0.0620939285
-0.1238036528 -0.0195538327 0.1215131506 0.0469105393 0.0042079492 -0.0933215693 -0.0355116762 0.1218092963 0.1073724255 -0.0362378843 0.0503827743 -0.0072554434 0.1101638377 -0.0603150912 -0.0306519289 -0.1329891384 0.0604177639 -0.0187378787 -0.1382648498 -0.0654762611 -0.0213066116 -0.0391470045 0.0977645442 -0.0855201334 -0.1387430727 0.0308025051 -0.0072108856 -0.0853785276 0.1237668023 0.0085656149 -0.0128041841 -0.0374529250 0.1153664067 0.0253663827 -0.1300379038 -0.0121676205 -0.0433118604 -0.1200777292 -0.1167089194 0.0969413072 0.0637768954 0.1010323465 -0.1178894863 0.0289856736 -0.1120941937 0.1012713909 0.1032745689 -0.1033555791 -0.0395051017 0.0896821544 0.0228478145 -0.0677858293 0.0374117009 -0.0242249332 0.0755459741 -0.0674077868 0.1256590784 0.0963844135 -0.0705116242 -0.0570087321 0.0161653664 -0.0866532996 0.0813338831 0.1167081892 0.1000762954 0.0766248330 0.0309216436 -0.1331121773 -0.0532351695 0.1163699925 0.0992249697 -0.0220872704 -0.0726684928 0.1163479239 0.1284324974 0.0008492282 -0.0455680788 0.1082389951 -0.0930440947 0.1326969117 -0.0698773563 0.0512495227 0.0442596599 -0.1041445062 0.0747856125 -0.0638997033 0.0223611817 -0.0917160586 0.0069355052 0.0223554131 -0.0369291641 0.1011215746 0.0512712598 0.0815500319 -0.0506878980 -0.0960865021 -0.0827504024 -0.0661880299 -0.1207728162 0.0999233425 -0.1019401252 -0.1008286178 -0.1105032936 -0.0483887903 -0.0896741971 0.0970138982 0.1223130971 0.1301650256 0.0057564559 0.0433252715 0.1178339124 -0.0730750635 0.0144544290 0.0777739808 -0.1082480177 0.0975367576 0.0122464690 -0.1118220463 0.1247367188 0.0979978144 -0.0170278791 0.0771171674 -0.0772705749 0.1318297535 0.1086910740 -0.0822977200 -0.0710408613 0.0097109759 0.0298609398 0.0017903388 0.1362814307 0.1389381588 -0.0260543916 -0.0209329352 -0.0936894640 -0.1278466284 -0.1289066374 0.0406214222 0.0021175733 -0.1262709349 0.1008621305 0.1068589389 0.0935439095 0.1027395874 -0.0308185313 0.1426275522 0.1076472998 0.0640997067 0.0204612426 -0.0944835320 0.0231644101 0.0158188958 0.1140906215 -0.1060675457 0.0794874802 -0.0460579135 0.0276112761 -0.0188915748 -0.0991099626 0.0827642903 -0.0261097457 -0.1086812839 -0.0268004723 -0.0068773907 -0.0030834710 0.0597645007 0.0393549204 0.0093843127 -0.0562330633 0.0437246598 -0.0960889533 -0.0464433543 0.0044227391 0.1302911341 0.0871634781 0.0126840509 -0.0598465204 0.1134098992 0.1348660886 0.1218100563 0.0743407607 -0.0802953765 0.0081129074 -0.0241662003 -0.0080369627 -0.0066088936 -0.0418200009 0.1231169701 -0.1466865391 0.0159871206 -0.0054083471 -0.0558141842 0.0507322289 0.0470655300 -0.0309390500 0.1444458067 0.0301653370 0.0834853500 0.0262099449 -0.0995257869 -0.0656670034 0.0628041178 -0.1109437272 -0.0622061566 0.0695713535 -0.1045571193 0.1276850104 0.0443845019 0.0103669399 0.0573715046 -0.0364020653 -0.1118879169 0.1166233644 -0.0717628747 0.0797045603 0.0744987726 -0.0920843706 -0.0013608361 0.0788011253 -0.0099864705 0.0468323976 0.0596023239 0.1162669808 -0.0735317245 -0.0404762961 0.0645119548 0.0279267970 0.0672737509 0.1266166866 0.1402108818 0.1095412076 0.0544225983 -0.0026374303 -0.0229508691 -0.1226278469 0.1081349328 0.0128449965 0.1316615194 -0.0141548458 0.0112983799 0.0637755245 -0.0712124184 0.0199975427 -0.1049027070 0.0978519991 0.1155633330 0.0103553552 -0.0180148352 0.1157847568 0.0472750627 -0.0761166215 -0.1289178878 -0.0425435901 -0.0782313049 0.0480387695 -0.0222510565
0.0538231172 0.0047269659 -0.0427364931 0.1182871535 0.0102981087 -0.0728594288 -0.0668226108 0.0985555202 -0.0470279157 0.0923817232 -0.0253001507 0.0922435671 -0.0930838436 0.1272130609 -0.0926172957 0.0279330742 0.1235582083 0.0197571199 -0.0597295687 -0.0421936996 0.0498292409 0.1216027737 0.0887333006 0.0232470632 -0.0204597246 -0.1356940866 -0.0486711487 -0.1215089560 0.0640218109 0.1118488982 -0.0432265177 -0.0293350909 -0.0509835891 -0.1147726849 0.0815819800 0.0748489201 0.0542984903 -0.0220600478 -0.0011227400 0.1194878742 -0.0729770437 0.0051897741 0.0910174847 -0.0897112489 -0.0694784820 -0.0785764679 0.1453511566 0.0924993455 0.0213815290 0.0744953454 0.0600314774 0.0535211787 0.1406191140 0.0288350694 0.0201270506 0.0758823678 -0.0734882131 -0.1262179166 0.1391243339 -0.1229296699 -0.0252900254 0.0532646142 -0.0176232904 -0.1351186186 0.0239671133 -0.0328167342 -0.0118323416 -0.1173125356 0.0050352407 0.0028765535 -0.0853451639 0.0825942680 -0.0355587751 -0.0756665766 0.1162293106 -0.0620629936 0.0338993967 0.0405665375 0.0128566697 -0.0486716405 0.1173416302 0.1215775684 -0.0341552384 0.0769010335 0.1006577760 -0.0126546472 -0.0917652547 0.0997024104 -0.0696811229 0.0096677821 -0.0823273882 -0.1050548702 -0.0418778248 0.0772829577 -0.0266216695 0.0994661376 0.0358669683 -0.0539886914 0.0651920512 0.0570894368 0.0262214635 -0.0924632549 0.0902198851 0.0374385975 -0.0505851768 -0.1191754192 0.0245679524 -0.0064398535 0.0064436002 -0.0479367711 0.0264226366 -0.0604112707 0.0909603387 0.0676468238 -0.0264239851 -0.1065081730 -0.0795167163 -0.0614315234 -0.0553525947 -0.1215370819 -0.1166645363 0.1440790445 -0.0233993772 0.0968833789 0.0414148644 0.1095701903 0.1048212722 -0.0100290431 -0.0751927122 0.0887045339 -0.1208233386 0.1303651333 0.0257812999 0.0902631134 -0.1374388486 0.0573666953 0.0531987436 -0.0965689868 0.1025536507 0.0535587519 -0.0619805902 -0.0984142348 -0.0709339678 0.0897188857 -0.0877637342 -0.0543378219 -0.0658612624 0.1064595133 0.0358430110 -0.0239357483 0.0274512786 -0.0024950972 -0.0444785058 -0.1418659538 0.1217663959 0.1110756546 -0.0223875772 -0.0874631554 0.1390327364 0.0589862242 0.0903041512 0.0161447823 0.1025944129 -0.0807848424 -0.0698440522 0.1007150412 -0.0508839637 -0.0906134173 -0.1182602942 -0.1253656596 0.0241367165 0.0108303074 -0.0882302448 -0.0721968785 -0.0527999699 -0.0870312899 -0.0600184873 0.0632765517 -0.0499697588 -0.0465028025 -0.0460377522 0.0011072394 0.0568536520 -0.0733076185 0.0071671894 0.1365610659 0.1031698138 0.0834959224 -0.0347094834 0.0164033994 0.1106508449 0.1241711229 0.0263937842 -0.1030298248 0.0515157580 0.0028048637 -0.0731726065 -0.1095950007 0.0683549941 -0.0818957686 0.1082829833 -0.0353691354 0.1076261476 -0.1021657139 -0.0788656846 0.1296649128 0.1291882843 -0.0159149393 -0.1063959375 0.0433101133 -0.0804513246 -0.0811647251 -0.0598764010 -0.0650626048 -0.0824537054 -0.0108134430 -0.0815545693 0.1327735931 0.0375311971 -0.0612062551 0.1201907769 0.1428883970 -0.0488026552 0.1300910413 0.0783156082 -0.0765883997 0.0762560219 -0.1346077323 -0.0830476359 -0.0855972990 0.0107894279 -0.0156584512 0.0922320560 -0.1135293543 -0.0713298321 0.1214181855 -0.0331080854 0.0438099019 0.0347502530 -0.0700944066 0.0414005890 0.0062274672 0.0176040549 -0.0082933363 -0.1131683290 -0.0615681708 0.0572496727 -0.0675580204 -0.1163208708 -0.0335666500 0.1401407123 -0.0199860968 0.0220101252 -0.0506614000 -0.0273128599 0.1273464262
0.0831681266 -0.1223632991 -0.0714307800 -0.0950805396 -0.1202212349 -0.0821300223 -0.0632671043 0.0717653930 -0.0918723494 0.1079398915 0.1374609768 0.1134207621 0.1254702806 -0.0776949450 0.0976588577 0.0735065937 -0.0017283231 0.0089255478 -0.0485737696 0.0348480418 -0.0226379205 0.0612222739 0.0210755859 -0.1069583595 0.0148242190 0.0648280531 -0.1004784331 0.0630851686 0.0201633200 -0.0208479054 0.0999602005 0.0805768594 0.0451335832 -0.0529810227 -0.0923395753 0.0640054867 -0.0614374541 -0.0729652792 0.0408526175 -0.0427371040 -0.0147214280 -0.0424096547 0.0945793837 0.0948630944 -0.0981667414 0.1503209025 -0.0502208136 0.0663091689 -0.1115752906 0.0724826753 -0.0147815943 -0.0163122956 -0.0569263585 -0.0656179115 -0.0518126413 -0.0935423821 0.0837909281 0.0349195004 -0.1224820986 0.1049441025 -0.0559345149 0.0996727049 0.0126509285 -0.0580457561 -0.1190941259 -0.0768767521 -0.1018550843 0.0401704237 -0.1305918545 0.0353158265 0.0996122211 -0.1090879217 0.0422141962 0.1166445240 -0.0663089901 0.0867837518 0.1203748509 -0.0145312911 -0.0033967965 0.0411846191 -0.0302597545 0.0285702534 0.0686088875 -0.1017423198 -0.0457905903 0.0792470947 -0.0198859163 -0.0045375936 0.0462836921 -0.0081113316 -0.1162339747 -0.0376829021 0.1080000922 0.1033446416 -0.1352903247 0.0504461154 0.1086144969 -0.0713681877 0.0091285091 -0.0462752394 -0.0421412326 -0.1188748926 -0.0470188931 0.1140584648 0.1123139411 -0.0044369362 0.0987881646 -0.0982522294 -0.0041636350 0.0307750534 -0.0092194816 -0.1059678420 0.0769903883 0.0405382365 -0.0539405532 0.0199948680 -0.1159934923 0.0217564832 0.1006005108 -0.0364980623 -0.1100236252 0.0473031588 -0.0283434317 0.0477745607 0.0791834965 -0.0505936518 -0.0999210924 0.0505325384 -0.0677668974 0.1187339202 0.0194411874 -0.0603367798 -0.0553628504 0.0968996882 0.1065152213 0.0319204740 -0.1065686867 -0.1046143025 0.1254328042 -0.1098318696 -0.0791141242 0.1205525398 0.0788574889 -0.0619503558 0.0672586486 -0.0779970512 0.1160685495 -0.0343663655 0.0081164995 0.0011553102 -0.1054233238 -0.0779744685 0.0992986336 -0.0368628278 -0.0037075540 0.1218855530 -0.0804913491 -0.0741993412 -0.0844915658 -0.0025336896 -0.0116989631 0.0741532594 -0.1341041625 0.1080208123 0.0305121485 0.0794452354 0.0396678299 -0.0690764040 0.0944582298 -0.0872555673 0.0089304149 -0.0332134999 0.0940212831 -0.1303180158 -0.0033500714 0.0892003849 0.1156436726 -0.0846103132 0.0074082338 0.0195705611 -0.0249612294 0.1138130873 0.0667261556 0.0840802714 0.0980429873 -0.0762123466 -0.0834815428 0.1213596538 -0.1246337742 0.0330955684 -0.0773122683 -0.1087675169 0.1258141994 0.0293003898 -0.0888055861 -0.0461712591 0.1315113306 0.0507895015 -0.0563389100 -0.0297224838 0.1057623774 -0.0458024181 0.0887655839 0.1325988919 -0.0823004991 -0.1171228290 0.1052490473 0.1446458995 -0.1184276044 -0.1187382042 -0.0316182487 0.0868431553 0.1006379798 0.0410616733 -0.0459656306 0.0232038870 0.0779862627 -0.1237663776 0.0444211401 0.0164783001 0.0747437179 0.0784873143 0.0049431431 0.1147156358 -0.1255881041 -0.0296245292 -0.0548847914 0.1235886812 0.1010143384 -0.0239560194 -0.0333628990 0.0377439819 0.1104935557 -0.0339518115 -0.0299011786 0.0342492424 0.0093491087 0.0185018443 0.1186337024 0.1388690174 -0.0457621105 -0.0332063511 -0.0279551763 0.0137072681 -0.0368324518 -0.0638540834 -0.0892750770 0.0823793709 -0.0688599944 0.1111793071 -0.1135792732 0.0495666377 -0.0579702295 -0.0723419189 0.0015705579 -0.0513841994
0.0038736020 0.0124648381 0.0597209223 0.0129879313 0.1083731577 -0.1059002355 0.1009055674 0.0410404876 0.0678517371 0.1010786518 0.1202424765 0.0089470958 0.1321030855 0.1153536960 -0.0273395013 -0.1230392978 0.1381215304 0.1081888005 0.0236892290 0.0506157838 0.0741586238 0.0061895396 -0.1023005247 0.0678243265 0.0236793850 -0.1261593252 -0.1109200865 0.1289211810 0.0379252732 0.0202939492 -0.0530669987 -0.0116514461 -0.0051329900 0.1222429723 -0.0096072508 -0.0248009190 0.1265485883 0.0231485441 -0.0912063643 0.0999068916 0.1231969297 0.0650780201 -0.0017883757 -0.1263982207 0.1349350363 0.1331160963 0.1255568266 -0.0765001848 -0.1150775999 -0.0580822118 0.0340951756 -0.0760043487 0.0755575821 -0.0962261558 -0.0820334777 -0.0239567831 -0.0257202145 0.1278121769 0.0287577081 -0.1180813164 -0.1130671352 0.0433137231 -0.0091550527 0.0819265842 0.1197706312 -0.1088474467 0.0412256829 -0.0513969883 0.0291145500 0.1328124255 0.1288881004 -0.0511837602 -0.0974920690 -0.0807208195 -0.0935767218 -0.0435915217 0.0465263538 -0.1301759481 -0.0443928428 0.0243575294 -0.0445200466 0.1361422688 -0.0107710548 0.0407045335 -0.1121333838 -0.0540703237 0.0316517390 -0.0190378111 0.0028072686 -0.0678802878 -0.0209792852 0.0326335914 0.1295870990 0.0038736921 0.0582940057 -0.1364128739 -0.0170841329 0.0177638251 0.0422767624 0.0778597370 0.0360484347 -0.0192792211 0.0993631259 0.0400724150 0.0882484838 0.1077099741 -0.0156324320 -0.0999413133 0.0698953569 0.0307326261 0.1193907708 -0.0791166276 0.1072975174 0.0512389876 0.0275972132 -0.0015916618 0.1052090526 -0.1373643279 -0.0357076302 0.0835283250 0.0660000592 -0.0417840071 -0.0604216121 -0.0498901568 -0.1242740080 0.1262978762 -0.1229099855 -0.0486459620 0.0610845909 0.1294795722 -0.0668803379 0.0053840536 0.1210270897 0.1216519326 0.1124967709 -0.1084848568 0.0643041357 0.0405194573 -0.0922579169 -0.0519791916 0.0015023188 -0.0984911993 -0.0661662221 0.1068720073 -0.1054750383 0.0958472490 -0.0517896749 -0.0868557617 -0.1125050411 0.0511048101 0.0613883696 -0.0414608084 -0.0102335289 -0.0213994663 0.0660671443 -0.0596261024 0.0926769227 0.0692816451 0.0281605721 0.0109430095 0.1329937279 -0.0760085955 0.0439055376 -0.0101701440 0.1303663254 -0.0277478192 0.0834540352 0.0824704617 0.1502166539 0.1391829103 -0.0357471593 0.0601044707 0.0914899185 0.0974087566 -0.0423837155 -0.0674928352 -0.0312695689 0.1189849526 -0.0194558762 -0.0322966836 0.1186356694 -0.0749697536 0.0800052881 0.1216816604 -0.1252319366 -0.0195830483 -0.1220989153 0.0862845182 0.0379111432 -0.0756832883 -0.0499906391 0.0912664235 0.1201142147 0.0081765307 -0.0578887612 -0.1321843714 -0.0828837529 -0.0288291406 0.0341574363 -0.0451121591 -0.0664805770 0.0552668758 -0.0441887900 -0.0596195087 0.0962753296 -0.0819780305 -0.0067384187 0.0679150671 -0.1093905717 -0.1229816303 -0.1069880575 0.0028819370 0.1025926024 -0.1199041083 0.1171700433 -0.0486522242 0.0158515256 0.0558969751 -0.0262988042 -0.0361452401 -0.1168627590 -0.1121076345 0.1225017235 -0.0019231546 -0.0159327276 -0.0983906314 -0.0374703817 -0.1047137976 -0.1144770458 0.1085178182 -0.0172258168 0.1399224252 -0.0593256280 -0.1051260605 0.1123911440 0.0696282536 0.0498540774 -0.1100022942 0.0021073224 -0.0022847222 -0.0010618235 -0.0176437534 -0.1309196949 -0.1137789488 0.0902804285 0.1079546586 -0.1275141984 -0.1020294651 0.0808711872 -0.0294486564 0.0026507687 -0.0518242866 -0.0183423404 0.1123457104 -0.1031093448 0.0156797618
0.0394159183 -0.0888480395 -0.0398113318 -0.1016901433 0.0988509282 -0.0571565703 -0.1366066337 0.0594993234 -0.0644261539 -0.0579356104 0.0334588885 0.0354248658 -0.1453547478 0.0553841181 0.0423863195 0.0663418397 0.1027474105 -0.0003932402 0.1290684342 0.0611869097 -0.0363393724 -0.0850779414 0.0227027405 0.0761395097 -0.1382908672 -0.1338457763 0.0464071706 0.0000210893 -0.1356053799 -0.0729605779 0.0407512449 0.0052645248 -0.0412484854 -0.1247605756 -0.1033726856 0.0208983775 0.1042945534 0.0822025910 0.0091976030 -0.1001163498 -0.1247374713 -0.0456039980 0.1228330880 -0.1397636086 -0.1175905243 -0.0945526510 0.0406833440 -0.0945141912 -0.0810570940 -0.0094713373 -0.0240794159 -0.0712844729 -0.1112752557 0.0703659728 -0.0256547220 -0.0868786722 0.0405875482 -0.0985667631 -0.1089324504 0.0360237919 0.1066299081 -0.0165927242 0.1175349504 -0.0724432543 -0.1243842468 0.0677374601 -0.0805885047 -0.0169101674 0.0841131210 -0.1158083454 0.0018275301 0.1362977624 -0.0764076188 -0.1196104661 0.1160689145 -0.0135123273 -0.0312094912 0.0043154168 -0.1378758103 -0.1058482453 0.0126377363 -0.1104038581 -0.0494787022 0.0602366254 -0.1193467006 -0.0305133350 0.0328360461 -0.0638850704 0.0042488840 0.0120892487 -0.1090982780 0.0340894759 0.0018376030 0.0898144990 0.1000141501 -0.1341919452 -0.1030466855 0.0854912326 0.1073400751 -0.0337596387 -0.1265048087 0.0810496360 0.0217822976 -0.1087850332 0.0466288626 0.1345011592 0.1307750493 0.1454492211 -0.0050138570 -0.0643578544 -0.0048929704 -0.0052789268 0.1147833392 -0.0754985437 -0.0200060569 0.1342093647 -0.0526449829 -0.0500717647 -0.0199215934 -0.0512504168 0.0088981250 0.0513731539 0.0797971636 0.0126649290 0.1338808388 -0.0739430562 0.0052355505 0.0067062033 0.0534761548 0.0259481762 -0.0874027014 0.0376284197 -0.0673684254 -0.0755978525 -0.0004339104 0.0560252778 0.0653239861 -0.1103736982 0.1286778301 0.1211497635 0.0942981765 -0.0654721260 0.0657289326 0.0065064691 0.1427395642 -0.0869734138 0.0742370114 0.0891664997 -0.0155947264 -0.1366110891 -0.0892372206 -0.0709633082 0.0056446129 0.0683026835 -0.0709826499 -0.0900740921 0.1462109983 0.0904898345 -0.0609087273 -0.0258636493 0.0141693186 -0.1373219490 -0.0823389515 0.0823562518 0.0077518676 0.0924710780 -0.1228606030 0.1123754233 -0.0793307349 -0.0135424621 -0.0707831010 0.0016962560 -0.0299174488 -0.1265613735 -0.0701926947 -0.0437576883 -0.0204304159 -0.0065549575 0.0887998194 -0.0030374948 0.0139656365 0.0445390157 -0.1144469455 0.0872337148 -0.0788009092 -0.0716921091 0.0410786569 -0.0163898952 0.0832112804 -0.0312902965 0.1007247046 -0.1481940001 0.1272584647 0.0195304304 0.0526695400 0.1077277139 0.0531519167 0.0679713041 0.0683650076 0.0849679634 -0.0873977989 0.1424394548 0.1012898088 0.0938486233 -0.0181920528 -0.1373422444 0.1000651568 0.1471968740 0.0199648738 0.0767582953 -0.0602366589 -0.0855652615 0.1199564189 0.0567611754 -0.0329266116 -0.0265622847 -0.0969904587 -0.0610785410 0.0159112141 -0.0469925925 -0.0027029398 0.0270475317 -0.1288819015 0.0329726376 -0.1174035668 0.1080018729 -0.1087536514 0.1346653402 -0.0158651657 0.0777597278 -0.1265482605 0.1032210663 -0.0176038556 0.0780487135 0.0973849371 -0.0593172498 -0.0673592985 0.0858549401 0.0504080281 0.0552932955 -0.0204233620 0.0822994038 -0.0525035486 -0.0813506767 -0.1339889020 -0.0665960759 -0.0868466794 -0.0287144165 -0.1218364090 0.0222533848 -0.0137505978 -0.1270763278 -0.1172531769 0.0446632616 0.0656019822 0.0010097355
-0.0504405089 -0.0959932879 0.1331739724 0.1063600257 -0.0249785911 -0.0678637400 0.1163958684 0.0885495842 -0.0744377896 -0.1010206565 -0.1079831868 -0.0430314094 0.0061917286 0.0395740308 0.0313408934 -0.0769334361 -0.0337459669 -0.1219196320 -0.0894471109 0.0728681982 0.1085317731 -0.1085968018 0.1344692111 0.0583951697 -0.0559823960 0.0985493138 -0.0314640887 0.0910765231 -0.0392209701 -0.0595676489 0.1095814630 -0.0218899790 0.1140860990 -0.0223931652 -0.0380949639 0.0326829851 0.0477251336 0.0275487155 -0.0599847659 0.0108279018 -0.0307652205 0.0016875686 -0.0482162796 -0.0081307981 -0.0865868330 -0.0527234897 -0.0931706652 -0.0740546361 0.1374539733 -0.0969015583 -0.0420336090 -0.0233202968 0.0909567773 -0.1089044288 0.1209411621 0.1259194016 0.0462320745 0.0314224884 -0.1266020089 -0.1057370380 -0.0485772416 -0.1150160134 -0.1082842574 0.1126083508 0.0106568057 0.1391843706 0.0419947505 -0.1058180034 0.1423746198 -0.1309389323 -0.0691346750 0.0851707011 0.1014417931 0.0082225977 -0.0138837527 0.0406285636 -0.0150289843 -0.0745292231 -0.0590581857 -0.0865339935 -0.0725736097 -0.0286398456 -0.1260490716 0.0385627374 -0.0966858640 0.1255895644 -0.1128832772 0.0597818866 0.0079381410 0.0197044853 0.1199592799 0.0024483467 0.0651446506 0.1321214288 0.0053142603 0.0553256869 0.0574397445 -0.1433335096 0.0038062893 0.0792716369 0.0109664509 -0.0720531121 -0.0829206035 -0.1135524288 -0.0727737620 0.0195153747 0.0922224969 -0.0651197881 0.0754662603 -0.1069535911 0.0483326651 -0.0366002955 -0.0663898885 0.0655338839 0.0688329339 -0.0616836213 0.0459253266 0.0675755888 0.0597730577 -0.1017546430 -0.0582040697 -0.0652717426 -0.1038076431 0.0061750901 0.0170881487 0.0909705386 -0.0404346846 -0.0875988454 0.0485927984 -0.0851286873 0.0407187194 -0.0896074623 0.0678419992 0.0997995585 0.0079149315 0.0128405988 0.0585603230 0.0509911329 0.0407798961 -0.0662955344 -0.0456563607 -0.1025241613 -0.1132952049 0.0574266836 -0.0992395729 -0.0937586427 0.0010545374 0.0569987260 -0.0257840063 0.1061064079 -0.0283542667 -0.1300373226 0.0252699032 -0.0041157492 0.0298898164 -0.0972864330 0.0062497891 -0.1321872920 -0.1105173677 -0.1174736544 0.1049628332 -0.1451946646 0.0688160881 0.1037679911 0.0815415308 -0.1279976666 -0.1252880841 -0.0852762163 -0.0452405401 0.0790933892 -0.0070781372 -0.0095766578 0.1019101292 0.0320808627 -0.1303124428 0.1212308481 0.1267255247 0.0895569250 -0.1133395657 -0.0890684500 -0.1127050817 -0.1002673954 0.0590176284 -0.0115602110 0.0803849548 0.1311423182 -0.0663760081 -0.0391601436 -0.0220966749 -0.0149234459 0.0069741700 0.0578869209 0.1210084110 -0.0292150844 -0.0300289821 -0.1185467392 -0.1066195667 -0.0530062392 0.0297304895 0.0478083454 -0.1109237298 0.1289292872 -0.0457051769 -0.1269002557 -0.0828232318 -0.1230851263 -0.0696733743 -0.0330897048 -0.0425676741 -0.0416669473 -0.0929483920 0.0591589548 -0.0726273581 0.0558098368 0.0048960466 0.0947338492 -0.0832895562 -0.0597708002 -0.1249077767 0.0571718067 0.0620620251 0.0212975666 -0.1264777184 -0.1065794006 0.0228316877 -0.0052582137 -0.0729728192 0.0637998655 0.0013715365 0.0377189480 0.0518374853 -0.1057095751 -0.0301990137 -0.1141396612 0.0159090348 0.0663906708 0.0762552917 0.0379013605 -0.0220382307 -0.1118636876 -0.0261113960 0.0831425637 -0.1023226008 -0.0020624264 0.0459934585 -0.1016078591 -0.0046526659 0.0819105953 -0.1044513956 -0.0131760919 0.0360517129 0.1260658950 -0.1089938730 0.1162533239 -0.1033413187 0.1025236025
0.0560024492 0.0635325909 0.0811135769 -0.1125897467 -0.0158264525 0.0709778368 0.0985180363 -0.0359485038 0.0675241798 -0.1289864630 -0.1040709391 0.0504017733 0.0613057166 -0.0375307463 0.0170746688 0.1455823034 0.0931178927 -0.0314901546 -0.0309389737 0.0719370842 0.0008688658 -0.1263480186 0.0965120792 -0.0152265280 0.0378890783 0.0104445638 -0.0717308149 0.1126603931 0.0499354042 0.0079745175 0.0643743873 -0.0709571838 -0.0388149805 0.1066837087 0.1329401284 -0.0533278398 -0.0152249690 0.0083775790 0.1224189326 0.0023150526 0.0650999621 -0.1230546609 -0.0235948395 -0.0461433902 -0.0061421678 0.0378227644 0.0439132452 -0.0745351985 -0.0970448628 -0.0272194911 0.0787584037 0.0939469934 -0.0399912596 0.0744872615 0.0326834656 -0.0509871319 -0.0812414587 -0.0852758288 0.1449809074 -0.0371540897 0.0586890243 -0.0011949230 0.1098785475 -0.0407540165 -0.0058266316 0.1409378350 -0.1049235314 0.1153612882 0.1155672893 0.0762540177 -0.0404884592 0.0221396759 0.0261179563 -0.1463097781 0.1063157767 -0.0865861550 0.0457143113 0.1283553094 0.0312404819 -0.0665981695 0.0715318173 -0.0849960223 0.0308431201 -0.0713921040 0.0599942505 -0.0064939228 0.0978432372 0.1062538549 0.0995789990 0.0628817454 -0.0624811649 -0.1228071675 0.0508438833 -0.0331036821 0.0063318713 0.0427239463 -0.1191787049 -0.0081702806 0.1343144327 0.0663511157 -0.0118874172 0.1118759140 0.0580970012 0.0463769548 -0.0135135772 -0.1199410781 -0.0077860779 -0.0569637530 0.0799411684 0.0506201982 0.0106686773 0.0973569676 -0.0186342467 -0.0034891616 -0.0263834987 0.0822127089 0.0485238805 -0.0151057728 -0.1277098805 0.1161180809 -0.0300924312 0.1298518628 0.0193315428 -0.0407096110 -0.1242758036 -0.1170922816 -0.0922910646 0.0750742331 -0.0923556611 -0.0314023569 0.0308195427 -0.1178664044 0.0917785838 0.0103003103 -0.0901081935 -0.0179984029 -0.1111949235 0.1115847826 0.0774387121 0.1206260175 0.0330477394 0.1135773957 0.0943470374 -0.1330683976 -0.0903127864 -0.0916513354 0.0611897111 0.1149593294 0.1185059175 0.0630972981 0.0766518489 0.1305085421 -0.0534267351 -0.0480977073 -0.0138113238 0.0014073374 -0.1177098751 0.0759122744 0.0205744486 -0.0009002954 0.0087725632 0.0734631419 0.1238783821 0.0175495911 0.0922883898 0.1259457916 0.0568928756 -0.1003347933 -0.1394207478 0.0193387084 -0.0820790306 0.0998808816 0.0080496762 -0.1310495734 0.1222398579 0.0211667046 0.0198504776 -0.0535478480 0.0567621291 -0.0446426719 -0.1183603108 -0.1133302450 0.0491617993 0.0952126011 -0.0150867822 -0.0349466950 0.0659624562 0.0611337945 -0.0997677669 0.0948768258 -0.1187973544 0.0116265742 0.0059500057 0.0701724887 0.0629033670 -0.0141944205 0.0224930737 -0.0035971727 0.0201288108 -0.0533957593 -0.0170580763 0.0572467595 0.0655220002 0.0755200982 0.1063919887 0.0919902325 0.0717030689 -0.1370102614 0.0481096581 0.0312108323 0.0523179285 -0.0747867525 -0.0037497720 -0.0971169397 0.0255944878 0.1359902769 0.0184439551 0.0484563448 -0.0675138533 0.0139073832 0.1120755747 -0.0074048936 -0.1067368686 -0.0428140946 -0.1047934741 -0.0360769741 -0.0362118147 0.0751199797 -0.1308553070 -0.0412969664 -0.0905651897 0.0072946022 -0.0995859951 0.0370114036 -0.0858428180 -0.1170100197 -0.0489731207 -0.0631447732 0.0306900349 0.0336215571 0.0761370733 -0.0715769753 0.0104467692 0.0377369821 -0.0207364410 0.0737039968 0.0030283916 0.1290576905 -0.0797400773 0.1057863384 0.0635606796 0.0549585968 0.1013943925 -0.0491543598 -0.0797271207 0.1321300566
-0.0429658480 0.0909390002 -0.1198393852 -0.0884262845 -0.0446359217 -0.1471046358 -0.0634739697 0.1177607477 -0.0431517139 -0.0303736292 0.0361299105 -0.1175475419 0.0467618331 -0.0561691336 -0.0938611180 -0.0995307341 0.0587543435 -0.1054211333 -0.0191763807 0.0911788121 0.1119069085 -0.0199958626 -0.0352219716 -0.1066710725 -0.0332702510 0.0871631131 -0.0499078482 -0.1274321675 0.0048182500 0.1214723065 -0.0257496648 -0.0596964955 0.0301861931 0.0934804752 -0.1330078095 0.1013836935 0.1131944507 -0.0603983663 0.0609807223 0.0515713952 -0.0915669724 -0.0887431726 -0.0929963812 -0.0138947107 0.0702378228 -0.0204901788 0.0236791689 -0.1047260836 0.0247289632 0.0622836277 0.0943128020 -0.0369417034 -0.1249001250 0.0787732527 -0.1305219978 -0.0293441638 0.1441020221 0.0917000026 0.0029311592 -0.0850282833 0.0853059739 0.1225126088 -0.0405959748 -0.1265689284 0.1105419695 0.1108300537 0.0324157663 0.0220425390 -0.0223247278 0.1176949218 0.0044472804 0.0728847086 0.0321732052 -0.0204739664 0.0861849338 0.1412436962 -0.0790383294 0.0937314108 0.1047868133 0.0064031011 -0.1207059547 0.1273222417 -0.1018517613 0.0742133260 -0.0978238806 0.0853725001 -0.0892130136 -0.1170348898 -0.0714355782 0.0203813631 0.0705469251 0.0518196486 -0.0747546181 0.0837187245 -0.0115441913 -0.0585803688 -0.0347887762 -0.0849439353 -0.0746023208 -0.0142087396 0.0696400478 -0.0339338556 -0.0434858389 -0.0329617485 0.0407776088 -0.0681199059 0.0326764844 0.1187550500 0.1043337733 0.1125593334 0.1050843820 -0.0921749175 -0.0535921119 -0.0347108841 0.0167092886 -0.0903257057 -0.0722079203 0.0783355013 0.0803985521 -0.1252121627 0.0568379387 0.0820069015 0.0312907994 -0.0140946880 0.1006138772 0.0180398915 -0.0911537856 0.0063424874 -0.0337586030 0.0700043663 -0.0982643738 0.1303238422 -0.0429080129 -0.0887326077 -0.0213572234 0.0863504931 0.0727003664 0.0535705090 -0.0761672854 0.1280215085 0.1014615446 -0.1034562215 -0.0884504393 0.0342854001 -0.0806050971 -0.1238631159 -0.1261046529 -0.1139494851 -0.0525976717 -0.0177790448 -0.0340828039 0.1136596799 0.0847420320 0.0106484061 -0.1141752154 -0.1104499400 -0.0573018156 -0.0317530520 -0.0404657163 0.1098233014 0.0235050116 0.0560013950 0.0070221354 -0.0874464959 -0.1087925360 -0.0769968182 0.1084922180 0.1431295723 0.1237095743 0.0374905504 -0.1007362753 -0.0102946069 0.0959061310 0.0127190957 0.1378983557 -0.0546984076 -0.1261970252 -0.0385601670 -0.1323223859 0.0841562152 -0.0466649756 0.0919542313 -0.1301154792 0.1333721429 -0.0370594077 -0.0573596060 0.0378589146 -0.0019604408 -0.1362792403 0.0543013290 -0.1262309849 -0.0106931254 -0.1078690961 -0.0494015440 -0.1124287397 -0.0031567351 0.0495356917 -0.0055687279 0.0860923305 0.1221762747 -0.0616055354 -0.0678479895 -0.0861426666 -0.0756869763 -0.0678075254 -0.0019805972 -0.0227365587 0.1479216367 0.1045031622 0.0829701647 0.1278266013 -0.0757858604 -0.1030019149 0.0279224254 0.0871991068 0.0572044440 0.0337005705 0.1242284998 -0.0548697375 -0.0402668566 0.0901043117 0.1367988735 0.0375282690 -0.1153208986 -0.0680515617 -0.1034260914 -0.1329016685 -0.0099950153 -0.0147347013 -0.0021559945 0.0840239525 -0.0141709540 -0.1018118337 -0.0731099099 -0.1226898134 0.0901393741 -0.0029996331 -0.0650807172 0.1388411820 -0.0418655388 0.0096361302 0.0806624517 0.1279777884 -0.0416174419 -0.0378484614 0.0159682333 0.0659664348 -0.1113426089 -0.0580289364 -0.0532960072 0.0908465907 -0.0516700596 -0.0591432378 0.0497893654 -0.0780736655 -0.1242150292
-0.0568147302 -0.0967043787 0.0401567481 -0.0237010103 0.0553715006 0.1084739640 -0.0887304917 -0.1059551537 0.1260860562 -0.0431868061 -0.1144760624 0.0602992810 0.0335696600 -0.0936361700 -0.0258340761 0.0084685152 -0.1318467557 0.1056995988 0.0554275513 -0.0023603963 0.0165598877 -0.1285630465 -0.0571396574 -0.0871098191 -0.0938460007 0.0199288763 -0.0066671842 0.1081557870 0.0571168810 0.0944617093 -0.1215264648 -0.0145085212 -0.1054267287 -0.1386831850 0.0299574696 -0.1156305522 -0.0529991798 -0.1193092391 -0.1116028577 -0.0098713385 -0.1331475973 -0.1292981803 0.0330711380 -0.1355953962 -0.0008322635 0.1305598468 -0.1032514200 0.0634664223 0.0239216387 0.0004199423 0.0145036681 0.0889072940 -0.0911389589 -0.1125177741 0.0537275486 0.0428088382 0.1339769959 0.0894536525 -0.0042678779 0.1211497411 -0.0345550925 0.1046467647 0.0762549415 0.1338716745 -0.0604797229 -0.1137202382 -0.0682413504 0.0514746606 -0.0832801461 0.0242705923 0.1107485071 -0.1437968463 -0.0961105525 0.1131212264 -0.0886452273 0.0536378548 -0.0007666025 -0.1088423803 0.1032735705 -0.0652512908 0.0885802358 0.0382427908 -0.0532126948 -0.0516602769 -0.0002276486 0.1224594936 0.1301373094 -0.0275940355 -0.0737549290 0.0019275049 0.0289680026 0.0851100013 -0.1041660309 0.0649829730 -0.0444634929 -0.1313754618 0.0643141568 -0.0644487590 -0.0408152305 -0.0030341302 0.0685355514 -0.1270480603 -0.0969555452 -0.1226031259 -0.0007883772 0.0071178256 0.0931391418 -0.0773737952 0.1133966371 0.1320276409 0.0269890502 0.0308819395 -0.0106389662 -0.0781355873 -0.0588685945 -0.0499196872 0.0212998986 -0.0135697154 -0.0386982709 -0.0976852402 -0.0172807742 0.0099205449 0.0962778032 -0.0434396043 -0.0765574649 -0.0413543656 -0.1233733371 -0.0762873217 -0.1253859848 0.0673223063 -0.0149246976 0.0621878617 -0.0215802006 0.0484366007 0.0881757066 0.0209801514 -0.0937128067 -0.0980437547 -0.0656016991 0.0341172926 -0.0345646590 0.0451485217 -0.0482394956 0.1150170490 0.0932173356 -0.0403237864 -0.0326604769 0.1117588431 0.0730824247 -0.0201856364 -0.0062807784 -0.0934073851 0.0037247338 0.0555929169 -0.0579111055 0.0907468721 0.0170311667 0.0481682979 0.0914254934 0.0561705008 0.1425896287 0.0308549739 -0.0612365045 -0.0546972416 -0.0218306277 -0.0415895209 0.0099292099 0.0155648533 0.0648178160 0.0597457215 0.1154122874 -0.0545355268 0.1362548321 -0.0024871128 0.1056365967 -0.0428376980 0.1156570017 -0.1119144782 0.0353897326 -0.0559255108 -0.0392789729 -0.0552994758 -0.0330955982 0.0140899476 0.1069664508 -0.0266066138 0.0778440908 -0.0261738561 0.0002568320 -0.1227231696 -0.0229882784 -0.0337344073 -0.0630636588 0.1235019341 -0.0345591679 0.0432231203 -0.1043965369 -0.0703964531 0.0799401999 -0.1211879998 -0.0360083915 -0.0293985177 0.1041930765 -0.0761623383 -0.0489708520 -0.0475509427 -0.0389282592 0.0170558970 -0.0118960114 0.0595632643 0.1355541497 -0.0132165207 0.0217501502 -0.1280488521 0.0354494452 -0.0214216691 -0.1322271973 0.0150764026 -0.1358175725 0.0419597998 0.0796875134 -0.0223480444 -0.1120111197 -0.1227903068 0.1278332174 -0.0804475844 -0.0620228611 -0.0599037521 -0.0225714631 0.1213053986 0.1349678189 0.1150685102 0.0283588208 -0.1343939304 0.0678690821 -0.0607542321 -0.0295186713 0.0918566212 -0.0562363714 -0.0051031769 -0.0469740033 -0.0105301151 -0.0372177996 -0.0861909166 0.0333500952 -0.0075502540 0.0433079042 -0.0285877343 -0.0363977626 -0.1040128767 0.0779861584 -0.0769901276 -0.0657819733 -0.0264065322 -0.0545989051 -0.0083093951
-0.1353463382 -0.0791028664 -0.0616703071 -0.0892953351 -0.0943982378 0.1010560095 0.0913944244 0.1087338105 -0.1242755204 0.0909216255 -0.0801298544 -0.0309989117 0.0213225596 -0.0686104074 -0.0286249891 0.0392011367 -0.0353780314 0.1022217274 -0.0343006067 0.1102427468 0.0143373236 -0.0460553132 -0.0473737046 -0.0577715598 -0.0868010521 -0.1346197277 0.1149079129 -0.0635988414 0.0983517990 0.0914594084 0.1016209722 0.1469971091 -0.0697207898 0.1124719009 0.0114944857 0.0326989628 -0.0456657037 0.0142743522 0.0875255466 0.0617398135 -0.0244589411 -0.1341931373 0.1247704774 -0.0282127280 -0.0190139841 -0.0770727172 -0.0993731022 0.0614805445 0.1135970727 0.0728890002 0.0494006611 0.0930078104 -0.0598843023 0.0685165524 0.0108599858 -0.0787409693 0.0642974451 -0.0827644542 0.0873100534 -0.0432239734 -0.0480741262 0.0838759318 -0.0310630035 -0.0125020761 -0.1357421577 -0.0533941723 -0.1228107288 -0.1114226282 0.0203128811 -0.1092545241 -0.1264655441 -0.1289443970 0.1222949773 0.0849863812 -0.0300681219 -0.0517086461 0.0296656825 0.0640274137 0.0193297118 0.0360177830 0.0572291575 0.1015202403 0.0739504024 0.0712721348 -0.0012212548 0.0289281774 -0.0862589106 0.0952395797 -0.0246481970 0.0104909837 -0.1296060085 -0.1296608150 0.0118144583 -0.0409929305 -0.0464047007 0.1195034087 -0.0523182489 0.0768071562 0.1174878851 0.0000967029 -0.1259374768 -0.1446269304 -0.0278358851 -0.0657107010 -0.0736411884 -0.0464745909 -0.1192722172 -0.1045460403 -0.1008258462 0.0621147156 -0.1344700307 0.1172019839 -0.1269298196 0.0564169697 0.0786247998 -0.0967300534 -0.0862156525 0.0403919443 0.0115463641 0.1079749316 0.0946780071 -0.0521547273 0.1166202202 0.0866419226 0.0431040116 0.1080116779 0.1472187638 -0.0358605050 -0.0512723476 0.1152787060 -0.0007474686 -0.1222825497 0.0537047908 -0.0479926243 0.0300330948 0.0829869881 -0.0937376469 0.0491324030 -0.1087099761 0.0986874849 -0.0593563691 -0.0662008971 -0.1021708772 0.0605746880 0.0279393997 -0.0454892106 0.0979839638 -0.0747425109 0.0118555939 -0.0833239704 0.1125124767 -0.0625938550 0.0733674988 0.0966038182 0.0262640920 -0.0467563681 -0.0099104978 -0.1137034222 -0.0911615640 -0.0393273309 0.0647633150 -0.0710617751 0.1340390444 0.0437979363 -0.1128606498 0.1315180510 -0.0181601550 0.0328169204 0.1233608574 -0.0135558685 0.0858854651 -0.0982129425 -0.0518912785 -0.1007322147 0.0216017459 0.0659675375 0.0857955292 -0.0479141772 0.1081713513 -0.0296132267 -0.0297351778 -0.0890744478 0.0744123384 0.0674954727 0.0005788964 0.0514842905 0.0299585648 -0.0697268397 -0.1055525020 0.0795718506 -0.1127002984 -0.1260859519 -0.0676942915 0.1215773076 0.0311716124 0.1440910101 -0.0563802086 -0.1378645301 0.1008238494 -0.0239602085 0.1111185476 0.0107491035 0.0642690212 -0.0298618246 0.0866354704 -0.1078602672 0.0866379887 -0.0393655971 0.0425740443 0.0232340433 -0.0148454569 0.0925244913 -0.1095452979 0.0082554501 0.0930019692 0.0005061871 0.1345187575 0.1223692223 -0.0435830094 -0.0479892977 0.1345461905 0.0215013605 0.0917586610 0.0699893162 -0.0436247028 -0.0594900176 0.1230677739 -0.1000609994 -0.0579201058 -0.0672686696 -0.0584458821 -0.1181178764 0.0916736946 0.0589863993 -0.0725052953 -0.0023511108 -0.0799931362 0.0684764832 0.0205158163 0.0776652843 0.1272252500 -0.0274330433 0.0679293722 -0.0141665749 -0.1302788407 0.1312358528 -0.0848621354 -0.0630040914 -0.0307280272 -0.0666625500 -0.0913334638 0.0797123462 -0.1311021149 0.0662534982 -0.1045647711 0.0374456234
-0.0260914788 0.0271517653 0.1136957854 -0.1147903576 0.1043039560 0.0148710823 -0.1245495155 0.1057972685 0.0708443522 0.1083183587 -0.0232470855 0.0866801888 -0.1360730529 0.0892353803 0.0902379230 0.1116356328 0.0505781844 0.0131002935 -0.0951538458 -0.0747417212 -0.0347279944 0.1397491693 -0.0573158786 -0.0169241019 0.0922088698 0.0791351497 0.0729564130 -0.0814807862 0.0325367674 0.1131751388 -0.0168499798 0.0879823789 -0.0029508697 0.0626184717 -0.0846183002 0.1166374087 0.0717234537 0.0677448437 -0.1050520763 -0.0822850615 -0.0163834356 0.1067091450 -0.0252872873 -0.0826919079 -0.1228225976 -0.1000153720 -0.0509434864 0.1101925597 0.0079672839 -0.0002967825 -0.1050560772 -0.1102190241 -0.0362160653 0.0323117003 -0.0835779682 -0.1275731623 -0.0809124559 -0.0576705001 -0.1205374375 0.1270278096 -0.1328439564 -0.0682168230 0.0204378534 -0.0470814221 0.0862624347 0.1398719400 0.0896653011 -0.0060729040 -0.0853854641 0.0559014268 -0.0875224769 -0.0975180417 0.0812062249 0.0821132362 -0.0091713425 -0.1270187497 0.0100541264 0.0352703221 -0.0083069662 0.1130350381 -0.0967084840 -0.0318976231 0.0989759937 -0.0300419629 0.0274015199 0.0268827546 -0.0155731095 -0.0789768621 -0.0439148396 -0.0501321889 0.0635604560 -0.0209796764 -0.1220228001 -0.0433795825 0.0897480920 -0.0760552883 0.0570610836 -0.0627950355 -0.0671837255 0.0742039457 -0.0793360248 -0.0078678355 -0.0535846949 0.0346482918 -0.0623496883 0.0131584639 0.1287634671 -0.0513523072 -0.0916882977 -0.1077266932 0.0488740057 -0.0079404963 -0.0437505692 0.0524475574 -0.0101957088 0.1368455887 0.0417220071 0.0018558970 0.1020392925 0.0529262610 -0.1011917070 0.0739474893 -0.0897311047 0.1397752762 -0.0335635990 0.1041348651 0.0857081339 -0.0350090750 0.1098399013 -0.0650365502 -0.1197518855 0.0978273749 -0.0636485294 -0.0481208004 -0.0386957377 0.0234832838 0.0095412936 -0.0827976540 0.0894770399 0.0691672266 -0.0533285253 0.0593089722 -0.1208911762 0.0742492154 0.0813314095 0.0091082491 0.1121242866 -0.0265807230 -0.0358419307 -0.0089861434 -0.0895399153 -0.0565378778 -0.0793403015 0.0701859742 -0.0725373551 -0.0570914485 0.0119089819 -0.0943927541 0.1265010387 -0.0384512730 -0.0923793986 0.0798868239 0.0245281719 0.0660803914 0.0696640685 0.0720981956 -0.0828357190 0.0150612332 0.1125875041 0.1431571990 0.0740644485 -0.0497218929 0.0213654656 -0.0814823061 -0.1268856376 -0.1100418419 -0.1320257485 -0.0389023460 -0.0125634391 -0.0982425213 -0.1284542680 0.1138775349 -0.1169619933 0.0515814014 0.0232459623 0.0193989482 -0.0414760634 0.0565440506 -0.1159312055 0.0168318059 0.0080973310 -0.0523599871 0.0108832242 0.0763069913 0.0568918251 0.0318158120 -0.0058350372 0.0222682878 0.0899842083 0.1239933521 0.0861307457 0.0941607878 0.1084660515 -0.0457658470 -0.1201619208 0.0826657414 0.0165145230 0.0703912377 0.1262723356 0.0119506307 0.1401974857 0.1136568710 -0.0479248501 0.0640346184 -0.0255718082 0.0592323542 -0.0772869736 -0.1106953621 0.0271812007 0.0677370355 0.0109676160 -0.0517618135 -0.0769147500 -0.1035339087 -0.0779882371 -0.1253528595 -0.0509120673 -0.0889772773 -0.1246067584 -0.0291250590 0.1103390530 0.0109552015 -0.1037472486 0.1214648560 -0.0119790370 0.0247823484 -0.0895675272 0.1135581657 0.0184777323 -0.1087947413 -0.0189294256 0.0564852580 0.0105546266 -0.1056352630 -0.0776281953 0.0104708914 -0.0115419123 0.0628714114 0.0885210633 0.0160806123 -0.0645949319 -0.0753204450 -0.0717144981 0.0706146359 0.0388466567 0.1237310097
-0.0817287490 0.0744784847 0.0508094169 0.0847923830 -0.0827034041 0.1149717122 -0.1360969543 -0.0381727628 0.0522813499 0.1233231872 0.0329062343 0.0305489507 0.0568131469 -0.0418891497 0.1127723604 0.0574341677 0.0559615642 -0.0345472842 -0.0450417884 -0.0364047363 0.1181002110 0.0333322436 0.0165397990 0.0753432140 0.0389633998 -0.0583734699 0.0514284223 0.0927423686 -0.0116509181 0.0834956542 0.0862432048 0.0743058175 0.0150086218 -0.0204540361 0.0915049687 -0.0463940315 0.1200088561 -0.0618684068 0.0661049560 -0.0392754301 0.0412255675 0.0819559023 0.0410562828 0.0719441697 -0.0261717159 -0.0089968387 0.0156552047 -0.0164618175 -0.1151167974 -0.1117441133 -0.1224160865 0.0471298993 0.0275259539 0.1445897073 0.0167025011 0.1414347738 0.0352578089 0.0243174136 -0.0719598681 0.0676570684 -0.0284442380 -0.0119089819 -0.0600149445 -0.0005670014 -0.1074312255 -0.0331123956 0.1158262417 0.0874520242 0.0491567403 -0.0757569000 0.0992203727 0.0103506269 -0.0451594777 0.0529043861 -0.0889679939 -0.1233725473 0.0468677245 0.0187552609 0.1042798609 -0.1145409718 0.0283407252 -0.0617578998 0.1294387132 0.0856298804 -0.1386100203 -0.0808709040 -0.1035382226 -0.1126498953 -0.1120021939 -0.1134393290 0.1028823555 -0.0036499056 0.0812577903 0.1179383397 -0.0304147657 0.0032985471 0.1251120120 -0.1195533946 0.0351557396 0.0933821499 0.0305089336 -0.1422056258 0.0650499389 -0.0626093298 0.1113746166 -0.0291536357 0.0035294860 -0.0485547781 -0.0928914845 0.0643735602 0.0173044968 -0.0458767265 0.0388490371 -0.0746837556 0.1131035909 -0.0633991361 -0.0471313596 0.0302686058 -0.0810634792 0.0771036074 0.0511277057 -0.0349943750 -0.0626068637 0.1012575552 -0.0438325182 0.0073705930 0.0491872840 -0.0148939546 0.0988709927 0.0248271320 0.0941859037 -0.0184929390 0.1372984648 -0.1275459528 -0.0448109470 -0.0143623156 -0.1174887940 -0.0970098674 -0.0495463908 -0.0775537193 0.0109864622 0.1208431274 -0.0221718550 -0.1050325036 -0.0631802306 -0.1308497190 0.0374942608 0.1297142804 -0.1275463700 -0.1276513636 0.0014432525 -0.0724049658 -0.0458039008 0.1142309159 -0.0778651386 -0.0070875925 0.0937244445 0.0335901417 -0.0992582217 -0.1480946243 -0.1409124434 -0.1338063627 -0.0618927293 0.0185097232 -0.1237565726 0.1388778836 0.0137594361 0.0750346184 0.0171147995 0.1088868454 0.0395547971 0.0507988818 -0.1310852170 0.0724420547 -0.0275095776 0.0077751665 0.0722737685 -0.0928050801 0.0065864981 0.0780139565 0.0108303986 0.0139212217 0.0416511074 0.1063173488 0.0594257116 0.1229243502 -0.0887945816 0.0063347500 0.0546172671 -0.0226717182 0.0472229794 0.1188381687 -0.0164348856 -0.0926844925 -0.1092185304 -0.0472070761 0.0837000534 0.0733960420 0.0480743237 0.0281769838 0.0588496365 0.0948812068 -0.0689285547 0.0714723393 -0.0993834287 0.0010004614 0.0078913961 -0.0331628583 0.1158798188 0.1527401805 0.1163386703 -0.0869647488 0.0021602646 -0.0843214989 0.0934633464 0.0076150103 0.0263434500 -0.0767383724 -0.0917095244 0.0753517449 -0.0111263180 -0.0321095586 -0.0069994968 -0.1369612515 0.0267849322 0.1029895097 -0.0624114759 -0.0058603846 -0.0487005450 0.0100374287 0.0869503766 0.1246441379 0.0553938337 0.0161729194 -0.0029074100 0.1046134830 0.0532001927 0.1043658331 -0.1230672002 0.0531741455 -0.0834217146 0.0747989118 0.0767865479 -0.1262520105 -0.0297720786 0.0913133100 -0.1311587542 0.1013141721 -0.0876435488 0.1234626099 -0.1410315484 -0.0838803798 0.1052509546 0.0406319723 0.1322403401 -0.0383523814
0.0233127382 0.0675801262 0.0471837074 -0.0356471799 -0.0973693058 0.0635403171 0.0654885247 0.0087755779 -0.0785047859 -0.1141738743 -0.0823466927 -0.1306254715 0.1254107654 -0.1159888357 -0.1244619936 -0.0892540962 -0.0600225553 0.0880457014 -0.0435222946 -0.0860804841 0.0959303379 0.1012338996 0.0382780991 0.0769739375 0.0581114031 0.1037107408 -0.1055809632 -0.0772003382 0.1134348065 0.0036917189 0.1303776801 -0.0617742501 0.0395405553 0.0750898272 -0.1048551276 -0.0382684283 -0.1146618724 -0.0225001350 0.0252688564 0.0635637715 -0.0690250099 0.0288211685 0.0822904631 -0.0395995341 -0.1389033049 0.0827258229 0.1091211736 0.0025755381 -0.0486724414 -0.1307098567 -0.0391879492 -0.0780170783 -0.1246213466 -0.0329884216 -0.0359676816 -0.0298539791 -0.0138810035 0.0618627332 -0.0670113340 -0.0007786709 0.0063287206 -0.0576006100 0.0492569804 -0.0531634316 -0.0418411940 -0.1179728061 -0.1395118237 -0.0294039063 0.1137634069 0.0397719033 -0.0888816863 0.0344118737 -0.0995038003 -0.0895804167 0.0695928633 -0.0096700583 0.1116767526 0.0835956410 -0.0781250969 -0.1306375563 0.0352199338 0.1157519668 -0.0740672946 -0.1051023379 -0.0474878699 -0.1032189354 -0.0849097744 -0.0303048920 -0.1099242121 0.0389538705 0.1349531412 0.1420784891 0.1301476955 0.0446935929 -0.1374387592 -0.1283510327 0.0241979975 -0.0271461699 -0.1166305989 -0.0251681935 -0.0473952517 -0.0148135955 -0.0962674990 -0.0786717087 -0.0901598185 0.1069200486 0.0149067538 -0.0420977958 -0.0007389736 0.1005352065 0.0055000987 -0.0461889170 -0.0390577018 -0.1072722748 0.1325600743 0.1110798046 0.0800317600 -0.0364709869 -0.0214943867 -0.1176947802 -0.0208116695 0.1322847307 -0.0395928770 -0.0119895516 0.1047081947 0.0107375449 -0.1171274856 0.0332964808 -0.0898810625 -0.0241918769 0.0902830884 0.0913922936 0.0356295034 -0.0057834703 0.0318031348 0.0027705505 -0.0959150940 -0.0898159072 0.1188016385 0.0892989188 0.0480636880 -0.0204685330 0.0168842059 0.1209958494 -0.0634763092 -0.0840540007 0.0995774344 -0.1217974499 0.0662494302 0.0186367258 -0.1307302117 0.0546528623 0.0320453905 -0.1292393059 -0.1074553579 0.0577586293 -0.0658304021 0.1207467392 0.1036093682 -0.0120558897 0.0194892585 0.1271500736 -0.1145682782 -0.0358045399 -0.0226395261 0.0822411701 -0.0338022858 -0.0996238291 -0.0965424329 -0.0654539838 -0.0362252481 0.0799592137 -0.0860079005 -0.1278695762 0.0427728035 -0.1285352111 0.1251585782 -0.0358229429 -0.0272248313 0.0098077543 -0.0091695841 -0.1346672326 -0.0322567932 0.1266634762 0.1086922735 -0.1007567197 0.0325811952 0.1184726655 -0.0946062282 -0.1272277236 0.0883113146 0.1212495267 0.1404568553 0.1105271652 0.0074852258 -0.1171290055 -0.0685135052 0.1272854358 -0.0864865631 -0.1078036427 -0.0442663878 0.1457960755 0.1308496296 0.0988351107 0.0130911293 0.0057757776 0.0413238890 -0.0400535874 0.0446623750 0.1468722075 -0.0018256545 0.0969633311 -0.0009800509 -0.0422966965 -0.1436845511 0.0350458287 0.0653803125 0.0446428061 0.1282480806 -0.0037933749 -0.1051023155 0.1239129305 0.0019542717 -0.1200630143 -0.0035267069 -0.0751150250 -0.0285914708 -0.1456279606 -0.0254877768 0.1349565536 -0.0349123180 0.1286147982 -0.0509180874 -0.1447454393 0.0158178434 -0.0083332071 -0.0202726331 -0.0930786729 -0.1165713966 -0.0963932499 0.0973032787 0.0782323405 -0.1387997866 -0.1362502575 0.1033871695 0.1190512702 0.0255727433 -0.0414145887 -0.1021045297 0.1173460409 -0.0409433842 0.0492233187 -0.0248967446 0.1071705669 0.1354723275 -0.0907383338
